Row ID,Order ID,Order Date,Ship Date,Ship Mode,Customer ID,Segment,Country,State,Region,Category,Sub-Category,Sales,Quantity,Discount,Profit
1,CA-2026-100000,2024-01-01,2024-01-05,First Class,Co-10541,Corporate,United States,Texas,Central,Office Supplies,Paper,49.4,2,0.2,-0.76
2,CA-2026-100001,2024-01-01,2024-01-06,Standard Class,Co-10940,Consumer,United States,California,West,Furniture,Bookcases,90.49,2,0.5,-2.79
3,CA-2026-100002,2024-01-02,2024-01-05,Second Class,Co-10798,Consumer,United States,California,West,Furniture,Tables,198.64,6,0.3,98.88
4,CA-2026-100003,2024-01-03,2024-01-08,First Class,Co-10975,Consumer,United States,Washington,West,Office Supplies,Storage,162.4,8,0.0,-219.55
5,CA-2026-100004,2024-01-04,2024-01-09,Second Class,Ho-10761,Home Office,United States,Washington,West,Furniture,Furnishings,31.85,1,0.3,-2.34
6,CA-2026-100005,2024-01-05,2024-01-07,Standard Class,Co-10875,Corporate,United States,California,West,Technology,Copiers,73.42,6,0.2,101.36
7,CA-2026-100006,2024-01-06,2024-01-09,Standard Class,Co-10861,Consumer,United States,Florida,South,Technology,Copiers,59.56,2,0.0,-14.35
8,CA-2026-100007,2024-01-07,2024-01-10,Second Class,Co-10909,Consumer,United States,North Carolina,South,Technology,Phones,53.04,2,0.0,-6.36
9,CA-2026-100008,2024-01-08,2024-01-11,Standard Class,Co-10822,Consumer,United States,Michigan,Central,Furniture,Furnishings,110.91,7,0.2,44.73
10,CA-2026-100009,2024-01-09,2024-01-14,Second Class,Co-10124,Corporate,United States,Massachusetts,East,Technology,Accessories,248.5,1,0.0,27.4
11,CA-2026-100010,2024-01-10,2024-01-14,First Class,Co-10905,Corporate,United States,Indiana,Central,Office Supplies,Storage,54.04,6,0.0,83.71
12,CA-2026-100011,2024-01-11,2024-01-14,First Class,Co-10952,Consumer,United States,New York,East,Office Supplies,Binders,96.36,7,0.0,46.14
13,CA-2026-100012,2024-01-12,2024-01-17,Standard Class,Co-10763,Consumer,United States,Oregon,West,Furniture,Chairs,104.16,8,0.0,228.25
14,CA-2026-100013,2024-01-13,2024-01-15,Standard Class,Co-10635,Consumer,United States,Pennsylvania,East,Furniture,Chairs,754.78,7,0.0,903.51
15,CA-2026-100014,2024-01-14,2024-01-18,Same Day,Co-10863,Corporate,United States,Texas,Central,Office Supplies,Art,623.74,6,0.3,-346.17
16,CA-2026-100015,2024-01-15,2024-01-17,First Class,Co-10159,Corporate,United States,Michigan,Central,Office Supplies,Appliances,327.03,9,0.1,-281.32
17,CA-2026-100016,2024-01-16,2024-01-20,Standard Class,Co-10566,Consumer,United States,Ohio,East,Furniture,Chairs,60.32,3,0.1,10.13
18,CA-2026-100017,2024-01-17,2024-01-22,First Class,Co-10533,Consumer,United States,Georgia,South,Office Supplies,Appliances,19.09,6,0.0,4.37
19,CA-2026-100018,2024-01-18,2024-01-19,First Class,Co-10978,Consumer,United States,Washington,West,Furniture,Chairs,81.22,4,0.1,71.97
20,CA-2026-100019,2024-01-19,2024-01-23,Standard Class,Ho-10165,Home Office,United States,Washington,West,Office Supplies,Storage,67.07,2,0.0,19.91
21,CA-2026-100020,2024-01-20,2024-01-22,Standard Class,Co-10664,Consumer,United States,Indiana,Central,Office Supplies,Paper,146.01,1,0.0,4.8
22,CA-2026-100021,2024-01-21,2024-01-26,Standard Class,Co-10205,Corporate,United States,Virginia,South,Technology,Copiers,305.77,1,0.0,-29.83
23,CA-2026-100022,2024-01-22,2024-01-26,Standard Class,Co-10195,Corporate,United States,Ohio,East,Technology,Phones,395.84,3,0.0,-75.88
24,CA-2026-100023,2024-01-23,2024-01-24,Standard Class,Co-10787,Consumer,United States,Oregon,West,Office Supplies,Appliances,377.69,4,0.0,219.51
25,CA-2026-100024,2024-01-24,2024-01-25,First Class,Co-10650,Consumer,United States,North Carolina,South,Office Supplies,Art,94.16,2,0.0,10.18
26,CA-2026-100025,2024-01-25,2024-01-28,Standard Class,Co-10267,Consumer,United States,Arizona,West,Office Supplies,Storage,237.46,1,0.0,25.87
27,CA-2026-100026,2024-01-26,2024-01-29,Standard Class,Co-10141,Corporate,United States,Georgia,South,Technology,Phones,80.04,4,0.0,-31.25
28,CA-2026-100027,2024-01-27,2024-01-29,Standard Class,Co-10978,Corporate,United States,Virginia,South,Office Supplies,Binders,17.57,7,0.5,12.16
29,CA-2026-100028,2024-01-28,2024-02-01,Standard Class,Co-10203,Corporate,United States,Indiana,Central,Furniture,Furnishings,246.84,6,0.0,461.38
30,CA-2026-100029,2024-01-29,2024-02-02,First Class,Co-10944,Corporate,United States,Oregon,West,Furniture,Furnishings,6.98,6,0.1,-1.71
31,CA-2026-100030,2024-01-30,2024-02-02,Standard Class,Co-10303,Consumer,United States,Pennsylvania,East,Office Supplies,Paper,110.25,9,0.0,94.17
32,CA-2026-100031,2024-01-31,2024-02-04,Standard Class,Ho-10619,Home Office,United States,Michigan,Central,Office Supplies,Art,84.91,2,0.0,65.43
33,CA-2026-100032,2024-01-31,2024-02-04,Second Class,Co-10381,Corporate,United States,Michigan,Central,Technology,Accessories,241.43,4,0.5,-0.03
34,CA-2026-100033,2024-02-01,2024-02-02,Standard Class,Co-10142,Consumer,United States,Massachusetts,East,Furniture,Furnishings,295.7,5,0.0,232.17
35,CA-2026-100034,2024-02-02,2024-02-05,Standard Class,Ho-10209,Home Office,United States,Michigan,Central,Office Supplies,Storage,77.51,1,0.0,-11.31
36,CA-2026-100035,2024-02-03,2024-02-08,Standard Class,Co-10309,Corporate,United States,North Carolina,South,Technology,Phones,338.87,8,0.1,399.18
37,CA-2026-100036,2024-02-04,2024-02-07,Standard Class,Co-10848,Corporate,United States,Georgia,South,Technology,Phones,74.6,8,0.0,-87.26
38,CA-2026-100037,2024-02-05,2024-02-10,Standard Class,Co-10967,Corporate,United States,Washington,West,Office Supplies,Storage,123.24,6,0.2,222.15
39,CA-2026-100038,2024-02-06,2024-02-07,Standard Class,Ho-10930,Home Office,United States,Washington,West,Office Supplies,Art,264.67,5,0.0,303.57
40,CA-2026-100039,2024-02-07,2024-02-09,Standard Class,Co-10148,Corporate,United States,Massachusetts,East,Office Supplies,Appliances,241.13,8,0.0,526.43
41,CA-2026-100040,2024-02-08,2024-02-12,First Class,Co-10214,Consumer,United States,California,West,Technology,Copiers,879.31,3,0.0,586.84
42,CA-2026-100041,2024-02-09,2024-02-10,Standard Class,Co-10254,Consumer,United States,Florida,South,Furniture,Furnishings,56.02,3,0.0,25.85
43,CA-2026-100042,2024-02-10,2024-02-14,Standard Class,Ho-10748,Home Office,United States,Massachusetts,East,Technology,Copiers,222.13,2,0.3,21.75
44,CA-2026-100043,2024-02-11,2024-02-13,Second Class,Co-10602,Consumer,United States,Ohio,East,Office Supplies,Binders,193.16,5,0.1,273.83
45,CA-2026-100044,2024-02-12,2024-02-14,Standard Class,Co-10778,Consumer,United States,Arizona,West,Office Supplies,Appliances,498.25,3,0.0,559.19
46,CA-2026-100045,2024-02-13,2024-02-14,Second Class,Co-10932,Consumer,United States,North Carolina,South,Furniture,Furnishings,39.01,3,0.0,11.64
47,CA-2026-100046,2024-02-14,2024-02-16,Standard Class,Co-10810,Consumer,United States,New York,East,Office Supplies,Storage,283.7,6,0.1,549.86
48,CA-2026-100047,2024-02-15,2024-02-20,Same Day,Co-10170,Corporate,United States,Virginia,South,Office Supplies,Binders,172.99,8,0.0,207.59
49,CA-2026-100048,2024-02-16,2024-02-18,Standard Class,Ho-10618,Home Office,United States,Georgia,South,Furniture,Tables,69.22,2,0.0,17.03
50,CA-2026-100049,2024-02-17,2024-02-21,Standard Class,Co-10811,Consumer,United States,Virginia,South,Office Supplies,Binders,133.66,4,0.0,38.86
51,CA-2026-100050,2024-02-18,2024-02-22,Standard Class,Co-10435,Consumer,United States,California,West,Technology,Phones,86.23,7,0.0,-44.93
52,CA-2026-100051,2024-02-19,2024-02-23,Same Day,Co-10166,Consumer,United States,Indiana,Central,Office Supplies,Paper,178.17,1,0.1,-31.71
53,CA-2026-100052,2024-02-20,2024-02-24,Standard Class,Ho-10592,Home Office,United States,Indiana,Central,Office Supplies,Appliances,444.65,1,0.5,-12.25
54,CA-2026-100053,2024-02-21,2024-02-26,Standard Class,Co-10749,Corporate,United States,New York,East,Furniture,Furnishings,173.47,7,0.0,128.51
55,CA-2026-100054,2024-02-22,2024-02-25,Standard Class,Co-10853,Consumer,United States,North Carolina,South,Office Supplies,Paper,204.78,7,0.0,40.1
56,CA-2026-100055,2024-02-23,2024-02-24,Second Class,Ho-10312,Home Office,United States,Washington,West,Furniture,Furnishings,151.27,1,0.0,10.45
57,CA-2026-100056,2024-02-24,2024-02-28,Standard Class,Ho-10280,Home Office,United States,Florida,South,Office Supplies,Paper,15.5,1,0.0,6.02
58,CA-2026-100057,2024-02-25,2024-02-27,First Class,Ho-10865,Home Office,United States,Virginia,South,Technology,Accessories,58.02,4,0.0,2.36
59,CA-2026-100058,2024-02-26,2024-03-01,Standard Class,Ho-10712,Home Office,United States,California,West,Office Supplies,Appliances,140.46,5,0.2,40.06
60,CA-2026-100059,2024-02-27,2024-02-29,Standard Class,Co-10962,Consumer,United States,Illinois,Central,Furniture,Tables,79.28,5,0.0,-47.52
61,CA-2026-100060,2024-02-28,2024-03-01,Standard Class,Co-10698,Corporate,United States,Georgia,South,Office Supplies,Storage,45.12,4,0.0,-30.9
62,CA-2026-100061,2024-02-29,2024-03-04,Standard Class,Co-10796,Consumer,United States,Virginia,South,Office Supplies,Binders,145.29,8,0.0,308.3
63,CA-2026-100062,2024-03-01,2024-03-06,Standard Class,Ho-10702,Home Office,United States,Illinois,Central,Office Supplies,Appliances,82.96,7,0.0,82.7
64,CA-2026-100063,2024-03-01,2024-03-03,Standard Class,Co-10347,Corporate,United States,Arizona,West,Technology,Phones,64.71,9,0.0,149.34
65,CA-2026-100064,2024-03-02,2024-03-04,Second Class,Co-10313,Corporate,United States,New York,East,Technology,Copiers,129.72,7,0.2,-79.97
66,CA-2026-100065,2024-03-03,2024-03-07,Standard Class,Co-10458,Corporate,United States,Michigan,Central,Office Supplies,Binders,33.61,1,0.0,4.81
67,CA-2026-100066,2024-03-04,2024-03-06,Standard Class,Co-10348,Consumer,United States,New York,East,Office Supplies,Appliances,530.51,7,0.1,-159.81
68,CA-2026-100067,2024-03-05,2024-03-07,Standard Class,Co-10737,Corporate,United States,Ohio,East,Furniture,Bookcases,409.54,1,0.0,-25.87
69,CA-2026-100068,2024-03-06,2024-03-10,Standard Class,Ho-10980,Home Office,United States,Indiana,Central,Furniture,Bookcases,250.94,7,0.0,-339.17
70,CA-2026-100069,2024-03-07,2024-03-11,Standard Class,Ho-10615,Home Office,United States,Virginia,South,Office Supplies,Art,27.46,8,0.0,-26.76
71,CA-2026-100070,2024-03-08,2024-03-09,Standard Class,Co-10187,Consumer,United States,New York,East,Office Supplies,Storage,304.11,9,0.0,-39.52
72,CA-2026-100071,2024-03-09,2024-03-14,Standard Class,Co-10762,Consumer,United States,Ohio,East,Office Supplies,Binders,335.01,3,0.0,-130.53
73,CA-2026-100072,2024-03-10,2024-03-15,First Class,Co-10275,Consumer,United States,Oregon,West,Office Supplies,Paper,297.0,4,0.0,465.12
74,CA-2026-100073,2024-03-11,2024-03-13,First Class,Co-10822,Corporate,United States,Virginia,South,Furniture,Bookcases,29.2,4,0.1,-1.56
75,CA-2026-100074,2024-03-12,2024-03-17,Standard Class,Ho-10525,Home Office,United States,New York,East,Office Supplies,Art,211.51,9,0.1,-208.68
76,CA-2026-100075,2024-03-13,2024-03-15,Standard Class,Co-10870,Consumer,United States,Oregon,West,Furniture,Chairs,364.55,7,0.0,-205.55
77,CA-2026-100076,2024-03-14,2024-03-15,Second Class,Co-10702,Corporate,United States,Virginia,South,Furniture,Bookcases,177.24,3,0.0,81.15
78,CA-2026-100077,2024-03-15,2024-03-19,Standard Class,Ho-10870,Home Office,United States,Illinois,Central,Technology,Machines,212.92,5,0.0,-172.01
79,CA-2026-100078,2024-03-16,2024-03-20,Standard Class,Co-10802,Corporate,United States,Texas,Central,Furniture,Bookcases,127.63,7,0.0,283.62
80,CA-2026-100079,2024-03-17,2024-03-21,Standard Class,Co-10180,Corporate,United States,Washington,West,Office Supplies,Paper,155.46,8,0.0,468.74
81,CA-2026-100080,2024-03-18,2024-03-23,Second Class,Co-10237,Corporate,United States,Texas,Central,Furniture,Chairs,12.0,1,0.3,-0.44
82,CA-2026-100081,2024-03-19,2024-03-20,Second Class,Co-10532,Corporate,United States,Massachusetts,East,Technology,Phones,208.75,2,0.0,29.25
83,CA-2026-100082,2024-03-20,2024-03-25,Standard Class,Co-10569,Consumer,United States,Georgia,South,Office Supplies,Binders,21.99,7,0.0,-28.74
84,CA-2026-100083,2024-03-21,2024-03-26,Standard Class,Co-10449,Corporate,United States,Ohio,East,Furniture,Bookcases,119.19,2,0.0,43.96
85,CA-2026-100084,2024-03-22,2024-03-23,Standard Class,Co-10225,Corporate,United States,Ohio,East,Office Supplies,Binders,74.25,7,0.0,25.13
86,CA-2026-100085,2024-03-23,2024-03-24,Second Class,Ho-10980,Home Office,United States,Texas,Central,Office Supplies,Paper,162.68,9,0.1,-50.03
87,CA-2026-100086,2024-03-24,2024-03-25,Standard Class,Co-10967,Corporate,United States,Massachusetts,East,Technology,Machines,33.64,2,0.0,-5.11
88,CA-2026-100087,2024-03-25,2024-03-26,Standard Class,Co-10408,Corporate,United States,Illinois,Central,Furniture,Bookcases,240.3,7,0.0,323.66
89,CA-2026-100088,2024-03-26,2024-03-30,Second Class,Co-10954,Consumer,United States,Virginia,South,Technology,Accessories,321.96,4,0.1,57.64
90,CA-2026-100089,2024-03-27,2024-03-30,Standard Class,Co-10329,Consumer,United States,North Carolina,South,Technology,Copiers,40.67,2,0.0,-7.5
91,CA-2026-100090,2024-03-28,2024-03-31,Second Class,Co-10559,Consumer,United States,New York,East,Technology,Machines,27.03,7,0.2,32.31
92,CA-2026-100091,2024-03-29,2024-03-30,Standard Class,Co-10444,Consumer,United States,California,West,Office Supplies,Appliances,36.45,5,0.0,25.34
93,CA-2026-100092,2024-03-30,2024-04-02,Standard Class,Co-10409,Corporate,United States,Illinois,Central,Office Supplies,Binders,424.32,1,0.0,133.75
94,CA-2026-100093,2024-03-31,2024-04-03,Standard Class,Ho-10119,Home Office,United States,Illinois,Central,Office Supplies,Storage,155.24,5,0.1,-90.48
95,CA-2026-100094,2024-03-31,2024-04-01,Second Class,Co-10980,Consumer,United States,Pennsylvania,East,Office Supplies,Storage,130.94,3,0.0,106.61
96,CA-2026-100095,2024-04-01,2024-04-04,First Class,Co-10660,Consumer,United States,Indiana,Central,Office Supplies,Appliances,27.57,7,0.0,39.39
97,CA-2026-100096,2024-04-02,2024-04-07,First Class,Ho-10746,Home Office,United States,Illinois,Central,Office Supplies,Binders,214.71,6,0.0,-168.75
98,CA-2026-100097,2024-04-03,2024-04-05,Standard Class,Co-10640,Consumer,United States,California,West,Office Supplies,Paper,409.99,8,0.0,711.39
99,CA-2026-100098,2024-04-04,2024-04-06,Second Class,Co-10659,Corporate,United States,California,West,Office Supplies,Paper,357.27,5,0.1,104.39
100,CA-2026-100099,2024-04-05,2024-04-06,Standard Class,Co-10576,Corporate,United States,Ohio,East,Technology,Phones,201.73,2,0.3,103.65
101,CA-2026-100100,2024-04-06,2024-04-10,Standard Class,Co-10368,Corporate,United States,Washington,West,Furniture,Bookcases,20.65,9,0.5,-10.69
102,CA-2026-100101,2024-04-07,2024-04-08,First Class,Co-10102,Consumer,United States,Massachusetts,East,Technology,Copiers,28.85,8,0.1,38.57
103,CA-2026-100102,2024-04-08,2024-04-12,Standard Class,Co-10869,Consumer,United States,Virginia,South,Office Supplies,Storage,15.11,6,0.0,2.65
104,CA-2026-100103,2024-04-09,2024-04-11,Standard Class,Co-10115,Corporate,United States,Massachusetts,East,Technology,Accessories,64.54,7,0.0,169.01
105,CA-2026-100104,2024-04-10,2024-04-11,Standard Class,Co-10705,Corporate,United States,Georgia,South,Office Supplies,Binders,34.16,9,0.0,-0.62
106,CA-2026-100105,2024-04-11,2024-04-16,Standard Class,Co-10457,Consumer,United States,New York,East,Office Supplies,Storage,65.23,7,0.0,172.28
107,CA-2026-100106,2024-04-12,2024-04-15,Standard Class,Co-10745,Corporate,United States,Indiana,Central,Technology,Copiers,102.25,3,0.0,104.57
108,CA-2026-100107,2024-04-13,2024-04-17,Standard Class,Co-10912,Consumer,United States,California,West,Furniture,Chairs,577.88,6,0.3,-91.67
109,CA-2026-100108,2024-04-14,2024-04-17,Standard Class,Co-10938,Corporate,United States,Georgia,South,Technology,Phones,193.51,7,0.0,382.16
110,CA-2026-100109,2024-04-15,2024-04-18,First Class,Co-10232,Consumer,United States,Pennsylvania,East,Office Supplies,Appliances,365.33,2,0.0,290.34
111,CA-2026-100110,2024-04-16,2024-04-17,First Class,Ho-10411,Home Office,United States,Washington,West,Office Supplies,Art,252.82,3,0.0,-36.71
112,CA-2026-100111,2024-04-17,2024-04-20,Standard Class,Co-10581,Consumer,United States,Pennsylvania,East,Office Supplies,Binders,28.87,4,0.2,5.73
113,CA-2026-100112,2024-04-18,2024-04-23,Standard Class,Co-10994,Consumer,United States,Arizona,West,Office Supplies,Binders,271.3,6,0.1,164.24
114,CA-2026-100113,2024-04-19,2024-04-22,Standard Class,Co-10643,Consumer,United States,Washington,West,Office Supplies,Binders,69.34,1,0.1,-1.44
115,CA-2026-100114,2024-04-20,2024-04-21,Standard Class,Co-10404,Consumer,United States,Massachusetts,East,Furniture,Tables,208.84,9,0.0,-358.7
116,CA-2026-100115,2024-04-21,2024-04-26,Standard Class,Ho-10368,Home Office,United States,Georgia,South,Furniture,Furnishings,88.39,5,0.2,-24.01
117,CA-2026-100116,2024-04-22,2024-04-24,Second Class,Ho-10513,Home Office,United States,Georgia,South,Furniture,Chairs,1217.57,7,0.0,-262.83
118,CA-2026-100117,2024-04-23,2024-04-26,Standard Class,Co-10124,Consumer,United States,Indiana,Central,Technology,Accessories,66.18,9,0.3,27.58
119,CA-2026-100118,2024-04-24,2024-04-25,Standard Class,Co-10415,Consumer,United States,California,West,Technology,Machines,70.46,9,0.0,-61.73
120,CA-2026-100119,2024-04-25,2024-04-27,Standard Class,Co-10670,Corporate,United States,Illinois,Central,Office Supplies,Paper,538.78,1,0.0,174.54
121,CA-2026-100120,2024-04-26,2024-04-28,Standard Class,Ho-10824,Home Office,United States,Illinois,Central,Office Supplies,Paper,9.99,1,0.0,2.23
122,CA-2026-100121,2024-04-27,2024-05-01,First Class,Co-10767,Corporate,United States,Pennsylvania,East,Office Supplies,Binders,243.6,3,0.1,-97.92
123,CA-2026-100122,2024-04-28,2024-05-03,Second Class,Co-10925,Consumer,United States,Massachusetts,East,Office Supplies,Storage,263.43,6,0.0,300.4
124,CA-2026-100123,2024-04-29,2024-05-02,Standard Class,Co-10375,Consumer,United States,Ohio,East,Technology,Copiers,367.04,2,0.3,98.76
125,CA-2026-100124,2024-04-30,2024-05-01,First Class,Co-10488,Corporate,United States,Washington,West,Technology,Copiers,738.34,1,0.0,275.94
126,CA-2026-100125,2024-04-30,2024-05-04,Standard Class,Co-10821,Consumer,United States,Ohio,East,Office Supplies,Binders,747.65,1,0.0,-148.17
127,CA-2026-100126,2024-05-01,2024-05-06,First Class,Co-10543,Corporate,United States,Pennsylvania,East,Office Supplies,Storage,18.5,5,0.0,-4.74
128,CA-2026-100127,2024-05-02,2024-05-06,Second Class,Co-10526,Consumer,United States,Washington,West,Furniture,Furnishings,350.01,4,0.0,499.36
129,CA-2026-100128,2024-05-03,2024-05-08,Standard Class,Co-10156,Corporate,United States,Arizona,West,Technology,Machines,212.87,1,0.0,76.48
130,CA-2026-100129,2024-05-04,2024-05-09,Standard Class,Co-10796,Consumer,United States,Florida,South,Furniture,Furnishings,213.45,4,0.0,198.38
131,CA-2026-100130,2024-05-05,2024-05-08,Standard Class,Co-10665,Corporate,United States,Massachusetts,East,Office Supplies,Paper,32.47,3,0.1,22.75
132,CA-2026-100131,2024-05-06,2024-05-11,Standard Class,Co-10820,Consumer,United States,Pennsylvania,East,Office Supplies,Storage,215.07,2,0.0,-62.42
133,CA-2026-100132,2024-05-07,2024-05-11,Second Class,Co-10467,Corporate,United States,Pennsylvania,East,Office Supplies,Art,813.91,9,0.5,396.75
134,CA-2026-100133,2024-05-08,2024-05-13,Standard Class,Co-10441,Consumer,United States,Florida,South,Furniture,Chairs,490.67,1,0.0,-29.96
135,CA-2026-100134,2024-05-09,2024-05-12,Standard Class,Co-10904,Corporate,United States,Ohio,East,Technology,Machines,120.65,7,0.2,-61.67
136,CA-2026-100135,2024-05-10,2024-05-13,First Class,Co-10951,Corporate,United States,Georgia,South,Furniture,Tables,13.15,4,0.0,15.05
137,CA-2026-100136,2024-05-11,2024-05-15,Same Day,Co-10403,Corporate,United States,Illinois,Central,Office Supplies,Storage,94.98,5,0.0,-56.5
138,CA-2026-100137,2024-05-12,2024-05-14,Standard Class,Co-10863,Corporate,United States,Georgia,South,Furniture,Tables,355.19,5,0.0,144.19
139,CA-2026-100138,2024-05-13,2024-05-15,Standard Class,Co-10473,Corporate,United States,Illinois,Central,Office Supplies,Binders,246.8,1,0.0,89.62
140,CA-2026-100139,2024-05-14,2024-05-19,Standard Class,Ho-10915,Home Office,United States,New York,East,Office Supplies,Binders,127.99,6,0.3,-47.57
141,CA-2026-100140,2024-05-15,2024-05-16,Standard Class,Co-10211,Consumer,United States,Texas,Central,Office Supplies,Art,16.34,9,0.0,56.88
142,CA-2026-100141,2024-05-16,2024-05-21,First Class,Ho-10977,Home Office,United States,North Carolina,South,Furniture,Tables,116.34,2,0.0,92.27
143,CA-2026-100142,2024-05-17,2024-05-21,Standard Class,Co-10105,Consumer,United States,California,West,Furniture,Bookcases,131.61,7,0.3,86.01
144,CA-2026-100143,2024-05-18,2024-05-22,Standard Class,Co-10802,Consumer,United States,Indiana,Central,Office Supplies,Appliances,532.77,6,0.0,-312.99
145,CA-2026-100144,2024-05-19,2024-05-23,Standard Class,Co-10945,Consumer,United States,Indiana,Central,Office Supplies,Paper,209.93,5,0.1,-9.77
146,CA-2026-100145,2024-05-20,2024-05-24,Standard Class,Co-10378,Consumer,United States,New York,East,Technology,Copiers,79.69,4,0.0,17.43
147,CA-2026-100146,2024-05-21,2024-05-25,Second Class,Co-10481,Corporate,United States,North Carolina,South,Furniture,Furnishings,154.02,4,0.2,-7.1
148,CA-2026-100147,2024-05-22,2024-05-25,First Class,Co-10951,Corporate,United States,Illinois,Central,Office Supplies,Binders,18.67,6,0.0,-3.54
149,CA-2026-100148,2024-05-23,2024-05-25,Standard Class,Co-10112,Corporate,United States,Texas,Central,Furniture,Chairs,724.21,4,0.0,1110.47
150,CA-2026-100149,2024-05-24,2024-05-28,Standard Class,Co-10402,Corporate,United States,Michigan,Central,Furniture,Bookcases,94.28,5,0.0,-50.9
151,CA-2026-100150,2024-05-25,2024-05-26,Standard Class,Co-10655,Consumer,United States,Indiana,Central,Office Supplies,Binders,134.97,6,0.3,136.05
152,CA-2026-100151,2024-05-26,2024-05-27,First Class,Co-10716,Consumer,United States,Oregon,West,Office Supplies,Paper,92.79,5,0.0,-92.68
153,CA-2026-100152,2024-05-27,2024-05-28,First Class,Co-10259,Consumer,United States,North Carolina,South,Furniture,Chairs,234.46,7,0.0,258.84
154,CA-2026-100153,2024-05-28,2024-05-29,Standard Class,Co-10253,Consumer,United States,Pennsylvania,East,Furniture,Furnishings,222.08,9,0.1,628.82
155,CA-2026-100154,2024-05-29,2024-06-01,Second Class,Co-10853,Consumer,United States,Ohio,East,Furniture,Bookcases,256.28,7,0.3,-34.21
156,CA-2026-100155,2024-05-30,2024-05-31,Second Class,Co-10280,Consumer,United States,California,West,Technology,Phones,67.43,7,0.2,-33.49
157,CA-2026-100156,2024-05-31,2024-06-04,Standard Class,Co-10625,Corporate,United States,Georgia,South,Technology,Accessories,80.86,4,0.5,30.89
158,CA-2026-100157,2024-05-31,2024-06-05,First Class,Co-10279,Corporate,United States,Michigan,Central,Furniture,Chairs,31.76,1,0.0,7.23
159,CA-2026-100158,2024-06-01,2024-06-02,Standard Class,Ho-10476,Home Office,United States,Arizona,West,Furniture,Chairs,218.14,8,0.0,371.39
160,CA-2026-100159,2024-06-02,2024-06-05,Standard Class,Ho-10903,Home Office,United States,Virginia,South,Technology,Machines,13.12,4,0.1,-0.4
161,CA-2026-100160,2024-06-03,2024-06-06,Standard Class,Co-10875,Corporate,United States,Michigan,Central,Technology,Machines,187.1,1,0.2,-7.29
162,CA-2026-100161,2024-06-04,2024-06-05,Standard Class,Co-10267,Consumer,United States,Oregon,West,Office Supplies,Paper,412.58,5,0.0,770.6
163,CA-2026-100162,2024-06-05,2024-06-10,Standard Class,Co-10313,Corporate,United States,North Carolina,South,Furniture,Chairs,447.97,8,0.0,1268.58
164,CA-2026-100163,2024-06-06,2024-06-07,Second Class,Co-10249,Corporate,United States,Massachusetts,East,Furniture,Furnishings,124.22,4,0.2,29.57
165,CA-2026-100164,2024-06-07,2024-06-10,Standard Class,Co-10115,Consumer,United States,Massachusetts,East,Office Supplies,Appliances,127.98,8,0.0,315.05
166,CA-2026-100165,2024-06-08,2024-06-10,Second Class,Co-10190,Consumer,United States,North Carolina,South,Office Supplies,Paper,21.02,8,0.0,12.01
167,CA-2026-100166,2024-06-09,2024-06-13,Standard Class,Ho-10219,Home Office,United States,New York,East,Furniture,Tables,227.2,3,0.0,37.24
168,CA-2026-100167,2024-06-10,2024-06-13,Standard Class,Co-10352,Consumer,United States,Virginia,South,Office Supplies,Paper,349.36,9,0.0,-333.11
169,CA-2026-100168,2024-06-11,2024-06-12,Standard Class,Co-10159,Corporate,United States,Indiana,Central,Furniture,Furnishings,61.12,3,0.2,8.19
170,CA-2026-100169,2024-06-12,2024-06-16,Standard Class,Co-10365,Corporate,United States,Florida,South,Office Supplies,Paper,114.39,1,0.0,14.01
171,CA-2026-100170,2024-06-13,2024-06-14,Second Class,Co-10508,Consumer,United States,Indiana,Central,Office Supplies,Art,370.07,2,0.1,-124.23
172,CA-2026-100171,2024-06-14,2024-06-15,Standard Class,Co-10130,Consumer,United States,Arizona,West,Furniture,Chairs,424.31,6,0.0,169.22
173,CA-2026-100172,2024-06-15,2024-06-17,Standard Class,Co-10120,Consumer,United States,Florida,South,Office Supplies,Paper,60.73,2,0.0,32.65
174,CA-2026-100173,2024-06-16,2024-06-20,Standard Class,Co-10830,Consumer,United States,California,West,Office Supplies,Appliances,164.96,6,0.1,185.31
175,CA-2026-100174,2024-06-17,2024-06-21,Second Class,Co-10692,Consumer,United States,Ohio,East,Technology,Accessories,47.76,1,0.0,8.65
176,CA-2026-100175,2024-06-18,2024-06-20,First Class,Ho-10388,Home Office,United States,Illinois,Central,Office Supplies,Binders,26.49,1,0.0,9.16
177,CA-2026-100176,2024-06-19,2024-06-22,Second Class,Co-10642,Consumer,United States,North Carolina,South,Furniture,Bookcases,489.09,5,0.0,-462.63
178,CA-2026-100177,2024-06-20,2024-06-21,Standard Class,Co-10597,Corporate,United States,California,West,Office Supplies,Appliances,348.52,9,0.0,421.03
179,CA-2026-100178,2024-06-21,2024-06-26,Standard Class,Co-10845,Consumer,United States,Texas,Central,Furniture,Chairs,290.45,8,0.0,632.97
180,CA-2026-100179,2024-06-22,2024-06-23,Standard Class,Ho-10573,Home Office,United States,Indiana,Central,Technology,Accessories,15.0,3,0.2,4.49
181,CA-2026-100180,2024-06-23,2024-06-24,Standard Class,Co-10504,Consumer,United States,Ohio,East,Office Supplies,Appliances,376.23,3,0.2,-5.11
182,CA-2026-100181,2024-06-24,2024-06-27,Standard Class,Co-10647,Consumer,United States,Ohio,East,Office Supplies,Binders,120.27,1,0.2,-11.38
183,CA-2026-100182,2024-06-25,2024-06-26,Standard Class,Ho-10231,Home Office,United States,Texas,Central,Furniture,Chairs,88.83,3,0.0,88.62
184,CA-2026-100183,2024-06-26,2024-06-28,Standard Class,Ho-10423,Home Office,United States,Indiana,Central,Office Supplies,Paper,163.14,1,0.0,13.45
185,CA-2026-100184,2024-06-27,2024-06-29,Standard Class,Co-10957,Consumer,United States,Virginia,South,Technology,Accessories,24.16,8,0.0,63.18
186,CA-2026-100185,2024-06-28,2024-07-02,Second Class,Ho-10231,Home Office,United States,Illinois,Central,Technology,Accessories,287.65,1,0.0,43.58
187,CA-2026-100186,2024-06-29,2024-07-04,Standard Class,Co-10620,Consumer,United States,North Carolina,South,Furniture,Furnishings,179.66,5,0.0,183.72
188,CA-2026-100187,2024-06-30,2024-07-01,Standard Class,Co-10129,Consumer,United States,Indiana,Central,Furniture,Furnishings,46.3,9,0.0,117.74
189,CA-2026-100188,2024-06-30,2024-07-01,Second Class,Co-10726,Consumer,United States,Pennsylvania,East,Technology,Phones,46.71,7,0.5,31.96
190,CA-2026-100189,2024-07-01,2024-07-04,Standard Class,Co-10400,Consumer,United States,Florida,South,Technology,Phones,45.73,4,0.0,7.1
191,CA-2026-100190,2024-07-02,2024-07-04,Second Class,Co-10103,Corporate,United States,Arizona,West,Furniture,Tables,16.74,9,0.0,16.3
192,CA-2026-100191,2024-07-03,2024-07-08,Standard Class,Co-10424,Consumer,United States,Pennsylvania,East,Office Supplies,Paper,182.25,9,0.2,369.81
193,CA-2026-100192,2024-07-04,2024-07-08,Standard Class,Co-10608,Consumer,United States,Georgia,South,Office Supplies,Paper,371.95,2,0.0,18.0
194,CA-2026-100193,2024-07-05,2024-07-07,First Class,Co-10336,Corporate,United States,Virginia,South,Technology,Accessories,8.53,6,0.2,1.35
195,CA-2026-100194,2024-07-06,2024-07-10,Second Class,Co-10634,Corporate,United States,Arizona,West,Furniture,Chairs,15.05,4,0.2,-6.87
196,CA-2026-100195,2024-07-07,2024-07-10,Second Class,Co-10115,Consumer,United States,Georgia,South,Furniture,Chairs,175.09,8,0.3,341.95
197,CA-2026-100196,2024-07-08,2024-07-11,Standard Class,Co-10633,Corporate,United States,Texas,Central,Office Supplies,Art,347.4,7,0.0,-353.53
198,CA-2026-100197,2024-07-09,2024-07-10,Standard Class,Co-10683,Consumer,United States,Oregon,West,Furniture,Tables,84.12,7,0.1,100.12
199,CA-2026-100198,2024-07-10,2024-07-15,Standard Class,Co-10915,Corporate,United States,Massachusetts,East,Office Supplies,Storage,91.04,9,0.0,39.26
200,CA-2026-100199,2024-07-11,2024-07-15,Standard Class,Co-10545,Corporate,United States,New York,East,Office Supplies,Art,186.44,5,0.1,36.39
201,CA-2026-100200,2024-07-12,2024-07-14,First Class,Ho-10602,Home Office,United States,Illinois,Central,Office Supplies,Storage,69.1,6,0.0,86.13
202,CA-2026-100201,2024-07-13,2024-07-16,Standard Class,Co-10329,Consumer,United States,Pennsylvania,East,Office Supplies,Art,10.39,1,0.0,-1.66
203,CA-2026-100202,2024-07-14,2024-07-15,Same Day,Co-10206,Consumer,United States,North Carolina,South,Office Supplies,Paper,270.78,6,0.0,253.81
204,CA-2026-100203,2024-07-15,2024-07-16,Standard Class,Co-10819,Consumer,United States,Virginia,South,Furniture,Chairs,201.51,2,0.0,106.08
205,CA-2026-100204,2024-07-16,2024-07-20,Standard Class,Co-10488,Consumer,United States,Michigan,Central,Office Supplies,Storage,178.86,6,0.2,254.92
206,CA-2026-100205,2024-07-17,2024-07-20,Standard Class,Co-10819,Consumer,United States,New York,East,Technology,Copiers,275.71,9,0.2,-193.91
207,CA-2026-100206,2024-07-18,2024-07-23,First Class,Ho-10362,Home Office,United States,Pennsylvania,East,Office Supplies,Art,229.93,8,0.1,560.3
208,CA-2026-100207,2024-07-19,2024-07-22,Second Class,Co-10662,Consumer,United States,Texas,Central,Furniture,Chairs,51.1,9,0.0,89.08
209,CA-2026-100208,2024-07-20,2024-07-24,First Class,Co-10164,Consumer,United States,Arizona,West,Furniture,Bookcases,91.92,8,0.2,193.61
210,CA-2026-100209,2024-07-21,2024-07-25,Second Class,Co-10364,Corporate,United States,Pennsylvania,East,Furniture,Bookcases,31.96,3,0.0,8.74
211,CA-2026-100210,2024-07-22,2024-07-25,Second Class,Co-10437,Consumer,United States,Arizona,West,Office Supplies,Binders,32.82,8,0.3,23.01
212,CA-2026-100211,2024-07-23,2024-07-27,First Class,Co-10400,Corporate,United States,Ohio,East,Office Supplies,Art,230.52,6,0.3,340.24
213,CA-2026-100212,2024-07-24,2024-07-27,Standard Class,Co-10477,Consumer,United States,Massachusetts,East,Office Supplies,Binders,396.23,6,0.0,808.18
214,CA-2026-100213,2024-07-25,2024-07-27,Standard Class,Co-10274,Consumer,United States,Massachusetts,East,Furniture,Chairs,662.93,6,0.2,219.23
215,CA-2026-100214,2024-07-26,2024-07-29,Standard Class,Co-10251,Consumer,United States,Ohio,East,Furniture,Tables,202.96,3,0.0,-21.53
216,CA-2026-100215,2024-07-27,2024-07-30,Same Day,Co-10575,Consumer,United States,Florida,South,Office Supplies,Binders,45.69,1,0.0,1.64
217,CA-2026-100216,2024-07-28,2024-08-01,First Class,Ho-10365,Home Office,United States,Oregon,West,Office Supplies,Art,27.33,4,0.0,3.57
218,CA-2026-100217,2024-07-29,2024-08-02,Standard Class,Co-10428,Consumer,United States,Oregon,West,Furniture,Chairs,340.17,6,0.0,-56.9
219,CA-2026-100218,2024-07-30,2024-07-31,Second Class,Co-10915,Corporate,United States,Massachusetts,East,Office Supplies,Binders,177.91,2,0.2,-11.06
220,CA-2026-100219,2024-07-30,2024-07-31,First Class,Co-10262,Consumer,United States,New York,East,Furniture,Furnishings,197.62,7,0.0,438.02
221,CA-2026-100220,2024-07-31,2024-08-02,Standard Class,Co-10537,Consumer,United States,Washington,West,Technology,Phones,309.16,7,0.0,-342.11
222,CA-2026-100221,2024-08-01,2024-08-02,Standard Class,Ho-10442,Home Office,United States,Georgia,South,Technology,Copiers,247.99,4,0.0,204.91
223,CA-2026-100222,2024-08-02,2024-08-05,First Class,Co-10466,Consumer,United States,Texas,Central,Furniture,Tables,364.71,4,0.2,-112.4
224,CA-2026-100223,2024-08-03,2024-08-07,Standard Class,Co-10564,Corporate,United States,Michigan,Central,Furniture,Chairs,16.57,1,0.3,0.08
225,CA-2026-100224,2024-08-04,2024-08-05,Second Class,Ho-10849,Home Office,United States,Oregon,West,Office Supplies,Binders,280.29,2,0.2,-73.13
226,CA-2026-100225,2024-08-05,2024-08-06,Standard Class,Co-10298,Corporate,United States,Ohio,East,Furniture,Bookcases,385.56,9,0.1,-118.72
227,CA-2026-100226,2024-08-06,2024-08-08,First Class,Ho-10599,Home Office,United States,Ohio,East,Office Supplies,Paper,72.41,8,0.0,151.22
228,CA-2026-100227,2024-08-07,2024-08-09,Same Day,Co-10115,Consumer,United States,Virginia,South,Technology,Machines,209.58,8,0.0,554.98
229,CA-2026-100228,2024-08-08,2024-08-11,First Class,Co-10920,Consumer,United States,Texas,Central,Office Supplies,Paper,80.42,9,0.0,-48.55
230,CA-2026-100229,2024-08-09,2024-08-13,Standard Class,Co-10395,Consumer,United States,Florida,South,Technology,Machines,638.88,7,0.0,349.4
231,CA-2026-100230,2024-08-10,2024-08-12,First Class,Co-10967,Corporate,United States,Texas,Central,Office Supplies,Paper,11.8,9,0.1,7.86
232,CA-2026-100231,2024-08-11,2024-08-12,First Class,Ho-10610,Home Office,United States,Oregon,West,Furniture,Furnishings,178.4,2,0.0,115.66
233,CA-2026-100232,2024-08-12,2024-08-16,Standard Class,Co-10887,Consumer,United States,Indiana,Central,Office Supplies,Storage,41.43,6,0.2,51.24
234,CA-2026-100233,2024-08-13,2024-08-17,First Class,Co-10338,Corporate,United States,Georgia,South,Office Supplies,Storage,254.11,3,0.0,82.21
235,CA-2026-100234,2024-08-14,2024-08-15,Standard Class,Co-10680,Consumer,United States,Georgia,South,Office Supplies,Paper,43.69,6,0.0,53.07
236,CA-2026-100235,2024-08-15,2024-08-17,Standard Class,Co-10400,Corporate,United States,Florida,South,Furniture,Bookcases,58.68,3,0.0,54.29
237,CA-2026-100236,2024-08-16,2024-08-17,Standard Class,Co-10105,Consumer,United States,Oregon,West,Furniture,Tables,141.39,8,0.2,-175.8
238,CA-2026-100237,2024-08-17,2024-08-21,Standard Class,Ho-10319,Home Office,United States,Illinois,Central,Technology,Copiers,497.63,4,0.2,66.46
239,CA-2026-100238,2024-08-18,2024-08-23,Standard Class,Co-10865,Corporate,United States,Michigan,Central,Furniture,Furnishings,52.58,6,0.3,76.04
240,CA-2026-100239,2024-08-19,2024-08-24,Second Class,Co-10552,Consumer,United States,North Carolina,South,Technology,Machines,36.15,9,0.0,79.45
241,CA-2026-100240,2024-08-20,2024-08-23,Standard Class,Co-10532,Consumer,United States,Michigan,Central,Technology,Machines,289.57,2,0.5,36.4
242,CA-2026-100241,2024-08-21,2024-08-22,Second Class,Co-10906,Consumer,United States,Massachusetts,East,Office Supplies,Appliances,143.88,2,0.0,33.89
243,CA-2026-100242,2024-08-22,2024-08-23,Standard Class,Co-10969,Consumer,United States,Massachusetts,East,Office Supplies,Art,490.6,7,0.0,29.75
244,CA-2026-100243,2024-08-23,2024-08-26,Standard Class,Co-10485,Consumer,United States,New York,East,Office Supplies,Appliances,36.71,2,0.5,4.12
245,CA-2026-100244,2024-08-24,2024-08-27,Standard Class,Ho-10718,Home Office,United States,Michigan,Central,Technology,Accessories,212.65,2,0.0,82.18
246,CA-2026-100245,2024-08-25,2024-08-28,Second Class,Co-10394,Corporate,United States,Washington,West,Furniture,Tables,58.02,4,0.1,10.66
247,CA-2026-100246,2024-08-26,2024-08-30,Standard Class,Co-10217,Corporate,United States,Washington,West,Office Supplies,Paper,39.1,9,0.0,80.41
248,CA-2026-100247,2024-08-27,2024-08-28,Second Class,Co-10504,Consumer,United States,Oregon,West,Office Supplies,Paper,235.04,8,0.0,595.57
249,CA-2026-100248,2024-08-28,2024-09-01,First Class,Ho-10779,Home Office,United States,Washington,West,Office Supplies,Paper,185.13,2,0.3,-27.78
250,CA-2026-100249,2024-08-29,2024-09-01,Second Class,Co-10862,Corporate,United States,Massachusetts,East,Office Supplies,Binders,286.16,8,0.0,162.37
251,CA-2026-100250,2024-08-29,2024-08-30,Standard Class,Co-10693,Consumer,United States,Pennsylvania,East,Office Supplies,Binders,79.06,4,0.1,12.75
252,CA-2026-100251,2024-08-30,2024-09-03,Standard Class,Co-10665,Corporate,United States,Florida,South,Office Supplies,Appliances,123.83,2,0.0,52.62
253,CA-2026-100252,2024-08-31,2024-09-04,First Class,Co-10851,Corporate,United States,Indiana,Central,Technology,Copiers,109.0,7,0.1,-34.39
254,CA-2026-100253,2024-09-01,2024-09-04,Standard Class,Co-10977,Consumer,United States,Indiana,Central,Furniture,Furnishings,833.15,6,0.0,920.55
255,CA-2026-100254,2024-09-02,2024-09-03,First Class,Co-10111,Consumer,United States,Arizona,West,Technology,Accessories,74.13,5,0.0,121.01
256,CA-2026-100255,2024-09-03,2024-09-06,Standard Class,Co-10308,Consumer,United States,Ohio,East,Office Supplies,Art,74.86,1,0.0,3.81
257,CA-2026-100256,2024-09-04,2024-09-05,First Class,Co-10264,Consumer,United States,Oregon,West,Technology,Machines,92.56,2,0.0,64.16
258,CA-2026-100257,2024-09-05,2024-09-10,Second Class,Ho-10977,Home Office,United States,Virginia,South,Office Supplies,Paper,171.3,8,0.3,379.78
259,CA-2026-100258,2024-09-06,2024-09-08,Same Day,Ho-10393,Home Office,United States,Michigan,Central,Office Supplies,Storage,63.16,1,0.0,-8.61
260,CA-2026-100259,2024-09-07,2024-09-09,Standard Class,Co-10618,Corporate,United States,Illinois,Central,Furniture,Tables,498.7,3,0.0,-90.02
261,CA-2026-100260,2024-09-08,2024-09-10,Second Class,Co-10177,Consumer,United States,Oregon,West,Technology,Accessories,66.76,2,0.0,49.43
262,CA-2026-100261,2024-09-09,2024-09-12,Standard Class,Co-10533,Consumer,United States,Georgia,South,Furniture,Tables,457.32,5,0.0,857.47
263,CA-2026-100262,2024-09-10,2024-09-15,Standard Class,Co-10676,Corporate,United States,Indiana,Central,Technology,Copiers,26.85,4,0.2,-12.15
264,CA-2026-100263,2024-09-11,2024-09-12,Second Class,Co-10713,Corporate,United States,Florida,South,Technology,Phones,218.75,7,0.5,-146.24
265,CA-2026-100264,2024-09-12,2024-09-16,First Class,Co-10968,Consumer,United States,Florida,South,Furniture,Tables,480.0,5,0.0,-248.02
266,CA-2026-100265,2024-09-13,2024-09-14,Same Day,Co-10911,Corporate,United States,California,West,Furniture,Chairs,41.96,8,0.3,93.43
267,CA-2026-100266,2024-09-14,2024-09-18,Second Class,Ho-10898,Home Office,United States,Pennsylvania,East,Office Supplies,Appliances,695.46,4,0.0,-255.93
268,CA-2026-100267,2024-09-15,2024-09-16,Standard Class,Co-10782,Consumer,United States,Oregon,West,Furniture,Furnishings,125.62,6,0.0,76.52
269,CA-2026-100268,2024-09-16,2024-09-21,Standard Class,Co-10176,Consumer,United States,New York,East,Technology,Copiers,587.7,4,0.1,653.86
270,CA-2026-100269,2024-09-17,2024-09-21,Second Class,Co-10147,Corporate,United States,Virginia,South,Furniture,Bookcases,230.91,2,0.0,-86.71
271,CA-2026-100270,2024-09-18,2024-09-21,Standard Class,Co-10866,Consumer,United States,New York,East,Furniture,Furnishings,76.79,1,0.1,11.24
272,CA-2026-100271,2024-09-19,2024-09-20,Standard Class,Co-10181,Consumer,United States,Florida,South,Technology,Machines,46.73,1,0.3,-1.11
273,CA-2026-100272,2024-09-20,2024-09-21,Standard Class,Co-10994,Consumer,United States,Michigan,Central,Office Supplies,Appliances,77.41,8,0.0,196.56
274,CA-2026-100273,2024-09-21,2024-09-25,Standard Class,Co-10820,Consumer,United States,Michigan,Central,Technology,Accessories,24.53,4,0.3,-2.06
275,CA-2026-100274,2024-09-22,2024-09-25,Standard Class,Co-10308,Corporate,United States,Michigan,Central,Office Supplies,Storage,36.07,5,0.2,30.6
276,CA-2026-100275,2024-09-23,2024-09-26,Standard Class,Co-10544,Corporate,United States,Washington,West,Office Supplies,Binders,27.11,8,0.0,44.36
277,CA-2026-100276,2024-09-24,2024-09-29,Standard Class,Co-10695,Consumer,United States,Washington,West,Office Supplies,Art,114.96,7,0.1,-48.6
278,CA-2026-100277,2024-09-25,2024-09-28,Standard Class,Ho-10621,Home Office,United States,Florida,South,Office Supplies,Paper,322.51,8,0.0,-462.15
279,CA-2026-100278,2024-09-26,2024-09-29,Same Day,Ho-10128,Home Office,United States,Michigan,Central,Office Supplies,Art,35.49,8,0.5,6.47
280,CA-2026-100279,2024-09-27,2024-09-30,Standard Class,Ho-10403,Home Office,United States,California,West,Office Supplies,Binders,32.93,6,0.1,-4.71
281,CA-2026-100280,2024-09-28,2024-09-30,Standard Class,Co-10564,Consumer,United States,Indiana,Central,Office Supplies,Art,211.24,2,0.0,120.57
282,CA-2026-100281,2024-09-28,2024-10-03,Second Class,Co-10601,Consumer,United States,Arizona,West,Furniture,Chairs,48.93,6,0.0,82.27
283,CA-2026-100282,2024-09-29,2024-09-30,Standard Class,Ho-10545,Home Office,United States,Ohio,East,Office Supplies,Appliances,25.54,1,0.1,1.71
284,CA-2026-100283,2024-09-30,2024-10-04,First Class,Co-10727,Corporate,United States,Ohio,East,Furniture,Tables,41.51,1,0.0,6.8
285,CA-2026-100284,2024-10-01,2024-10-02,Second Class,Co-10589,Consumer,United States,Indiana,Central,Office Supplies,Binders,519.7,3,0.0,253.44
286,CA-2026-100285,2024-10-02,2024-10-07,Standard Class,Co-10880,Consumer,United States,Georgia,South,Furniture,Furnishings,349.6,3,0.0,310.75
287,CA-2026-100286,2024-10-03,2024-10-07,Standard Class,Co-10527,Consumer,United States,Washington,West,Office Supplies,Binders,92.41,5,0.0,25.41
288,CA-2026-100287,2024-10-04,2024-10-09,First Class,Ho-10658,Home Office,United States,Washington,West,Office Supplies,Appliances,218.32,1,0.0,-7.58
289,CA-2026-100288,2024-10-05,2024-10-08,First Class,Co-10458,Corporate,United States,Ohio,East,Furniture,Furnishings,159.12,6,0.0,-39.12
290,CA-2026-100289,2024-10-06,2024-10-10,Standard Class,Co-10190,Consumer,United States,Massachusetts,East,Furniture,Furnishings,231.1,7,0.0,196.9
291,CA-2026-100290,2024-10-07,2024-10-10,Second Class,Co-10152,Consumer,United States,Florida,South,Furniture,Furnishings,234.56,3,0.1,44.01
292,CA-2026-100291,2024-10-08,2024-10-09,Standard Class,Co-10829,Corporate,United States,Georgia,South,Office Supplies,Binders,203.17,4,0.0,52.07
293,CA-2026-100292,2024-10-09,2024-10-10,Same Day,Ho-10959,Home Office,United States,Georgia,South,Technology,Accessories,66.88,3,0.0,-29.16
294,CA-2026-100293,2024-10-10,2024-10-14,Standard Class,Co-10688,Consumer,United States,Texas,Central,Furniture,Chairs,12.96,1,0.0,3.0
295,CA-2026-100294,2024-10-11,2024-10-15,First Class,Co-10303,Corporate,United States,Ohio,East,Office Supplies,Appliances,126.6,8,0.0,-72.68
296,CA-2026-100295,2024-10-12,2024-10-17,Second Class,Ho-10655,Home Office,United States,Texas,Central,Office Supplies,Paper,448.23,2,0.0,-73.36
297,CA-2026-100296,2024-10-13,2024-10-18,Second Class,Co-10255,Consumer,United States,Massachusetts,East,Office Supplies,Art,173.56,1,0.0,8.27
298,CA-2026-100297,2024-10-14,2024-10-17,Standard Class,Co-10101,Corporate,United States,Pennsylvania,East,Technology,Accessories,362.22,8,0.0,-183.52
299,CA-2026-100298,2024-10-15,2024-10-19,Standard Class,Co-10456,Consumer,United States,Arizona,West,Office Supplies,Art,961.49,7,0.2,809.35
300,CA-2026-100299,2024-10-16,2024-10-17,Standard Class,Co-10924,Corporate,United States,Pennsylvania,East,Office Supplies,Art,40.73,7,0.2,5.22
301,CA-2026-100300,2024-10-17,2024-10-22,Standard Class,Co-10668,Corporate,United States,New York,East,Furniture,Bookcases,240.39,4,0.2,53.35
302,CA-2026-100301,2024-10-18,2024-10-23,Standard Class,Co-10901,Corporate,United States,Illinois,Central,Furniture,Tables,229.35,9,0.2,201.96
303,CA-2026-100302,2024-10-19,2024-10-20,Second Class,Co-10157,Corporate,United States,Massachusetts,East,Furniture,Bookcases,786.96,6,0.1,-330.95
304,CA-2026-100303,2024-10-20,2024-10-25,Standard Class,Co-10353,Consumer,United States,Illinois,Central,Furniture,Bookcases,853.12,2,0.0,-181.8
305,CA-2026-100304,2024-10-21,2024-10-24,Standard Class,Ho-10279,Home Office,United States,Florida,South,Office Supplies,Art,237.11,1,0.1,70.05
306,CA-2026-100305,2024-10-22,2024-10-26,Same Day,Co-10592,Corporate,United States,Pennsylvania,East,Office Supplies,Binders,60.84,1,0.0,3.66
307,CA-2026-100306,2024-10-23,2024-10-24,First Class,Co-10768,Consumer,United States,Ohio,East,Office Supplies,Art,325.45,9,0.1,124.57
308,CA-2026-100307,2024-10-24,2024-10-28,First Class,Co-10134,Corporate,United States,Indiana,Central,Furniture,Tables,27.64,4,0.2,-15.8
309,CA-2026-100308,2024-10-25,2024-10-30,Same Day,Co-10174,Corporate,United States,Georgia,South,Furniture,Furnishings,308.46,5,0.0,152.36
310,CA-2026-100309,2024-10-26,2024-10-31,Standard Class,Co-10388,Consumer,United States,California,West,Office Supplies,Storage,487.03,3,0.0,193.6
311,CA-2026-100310,2024-10-27,2024-10-28,Standard Class,Ho-10470,Home Office,United States,North Carolina,South,Technology,Accessories,101.52,4,0.0,54.94
312,CA-2026-100311,2024-10-28,2024-10-31,Second Class,Ho-10686,Home Office,United States,Michigan,Central,Furniture,Furnishings,204.19,8,0.1,329.64
313,CA-2026-100312,2024-10-29,2024-10-31,Second Class,Co-10428,Consumer,United States,Georgia,South,Technology,Phones,117.47,4,0.1,-39.55
314,CA-2026-100313,2024-10-29,2024-10-30,Standard Class,Ho-10689,Home Office,United States,Illinois,Central,Office Supplies,Appliances,120.17,9,0.3,-36.84
315,CA-2026-100314,2024-10-30,2024-11-01,First Class,Co-10866,Consumer,United States,Illinois,Central,Office Supplies,Art,79.32,9,0.0,204.48
316,CA-2026-100315,2024-10-31,2024-11-02,Standard Class,Co-10876,Consumer,United States,Arizona,West,Office Supplies,Binders,292.21,6,0.2,516.58
317,CA-2026-100316,2024-11-01,2024-11-04,Standard Class,Co-10403,Consumer,United States,Ohio,East,Furniture,Furnishings,555.33,2,0.0,-131.55
318,CA-2026-100317,2024-11-02,2024-11-04,Standard Class,Ho-10678,Home Office,United States,Michigan,Central,Furniture,Furnishings,570.2,7,0.3,275.46
319,CA-2026-100318,2024-11-03,2024-11-05,Standard Class,Co-10320,Corporate,United States,Texas,Central,Office Supplies,Storage,43.42,9,0.0,-27.94
320,CA-2026-100319,2024-11-04,2024-11-07,Standard Class,Co-10263,Consumer,United States,Arizona,West,Office Supplies,Appliances,420.48,6,0.0,-413.64
321,CA-2026-100320,2024-11-05,2024-11-07,Standard Class,Co-10579,Consumer,United States,Texas,Central,Technology,Copiers,272.45,3,0.0,-3.84
322,CA-2026-100321,2024-11-06,2024-11-08,First Class,Co-10554,Corporate,United States,Ohio,East,Office Supplies,Storage,63.29,7,0.2,-40.33
323,CA-2026-100322,2024-11-07,2024-11-09,Standard Class,Co-10474,Consumer,United States,California,West,Furniture,Tables,18.93,5,0.5,10.69
324,CA-2026-100323,2024-11-08,2024-11-09,Standard Class,Ho-10319,Home Office,United States,Ohio,East,Office Supplies,Art,67.39,1,0.0,8.1
325,CA-2026-100324,2024-11-09,2024-11-10,First Class,Ho-10783,Home Office,United States,Ohio,East,Furniture,Bookcases,491.56,3,0.0,-167.67
326,CA-2026-100325,2024-11-10,2024-11-11,Same Day,Co-10353,Corporate,United States,California,West,Office Supplies,Appliances,205.58,5,0.3,-139.92
327,CA-2026-100326,2024-11-11,2024-11-14,First Class,Ho-10821,Home Office,United States,Texas,Central,Office Supplies,Storage,260.35,7,0.0,519.21
328,CA-2026-100327,2024-11-12,2024-11-17,First Class,Co-10287,Consumer,United States,Pennsylvania,East,Technology,Phones,64.45,3,0.1,-16.41
329,CA-2026-100328,2024-11-13,2024-11-15,Second Class,Ho-10290,Home Office,United States,Pennsylvania,East,Office Supplies,Storage,259.16,6,0.0,254.59
330,CA-2026-100329,2024-11-14,2024-11-16,Standard Class,Co-10488,Corporate,United States,Pennsylvania,East,Office Supplies,Appliances,10.7,5,0.0,0.12
331,CA-2026-100330,2024-11-15,2024-11-18,Standard Class,Co-10314,Corporate,United States,Ohio,East,Office Supplies,Storage,99.1,1,0.2,11.99
332,CA-2026-100331,2024-11-16,2024-11-18,Standard Class,Co-10474,Consumer,United States,California,West,Technology,Copiers,202.1,6,0.2,-10.29
333,CA-2026-100332,2024-11-17,2024-11-18,Standard Class,Ho-10185,Home Office,United States,Arizona,West,Furniture,Furnishings,36.59,8,0.0,-43.27
334,CA-2026-100333,2024-11-18,2024-11-23,Standard Class,Co-10573,Consumer,United States,Georgia,South,Furniture,Bookcases,351.33,1,0.0,-23.27
335,CA-2026-100334,2024-11-19,2024-11-23,Second Class,Co-10717,Consumer,United States,Virginia,South,Furniture,Tables,58.58,2,0.2,-8.17
336,CA-2026-100335,2024-11-20,2024-11-22,Standard Class,Co-10943,Consumer,United States,New York,East,Furniture,Chairs,216.27,4,0.0,49.15
337,CA-2026-100336,2024-11-21,2024-11-22,Standard Class,Co-10907,Corporate,United States,Michigan,Central,Office Supplies,Appliances,108.91,2,0.3,29.73
338,CA-2026-100337,2024-11-22,2024-11-26,Standard Class,Co-10630,Corporate,United States,Massachusetts,East,Office Supplies,Appliances,186.29,9,0.0,-69.94
339,CA-2026-100338,2024-11-23,2024-11-28,Second Class,Co-10146,Corporate,United States,Indiana,Central,Office Supplies,Paper,27.73,8,0.0,-42.76
340,CA-2026-100339,2024-11-24,2024-11-28,Standard Class,Ho-10164,Home Office,United States,Pennsylvania,East,Furniture,Bookcases,8.41,8,0.3,5.24
341,CA-2026-100340,2024-11-25,2024-11-26,First Class,Co-10574,Consumer,United States,North Carolina,South,Office Supplies,Storage,485.62,4,0.1,285.76
342,CA-2026-100341,2024-11-26,2024-11-30,Standard Class,Co-10245,Corporate,United States,North Carolina,South,Office Supplies,Appliances,67.84,5,0.0,128.12
343,CA-2026-100342,2024-11-27,2024-11-30,Standard Class,Co-10897,Consumer,United States,Michigan,Central,Office Supplies,Paper,347.6,4,0.1,192.31
344,CA-2026-100343,2024-11-28,2024-12-02,Standard Class,Ho-10481,Home Office,United States,New York,East,Office Supplies,Binders,1472.8,9,0.0,1096.25
345,CA-2026-100344,2024-11-28,2024-11-30,First Class,Ho-10165,Home Office,United States,Texas,Central,Office Supplies,Appliances,52.51,2,0.0,15.13
346,CA-2026-100345,2024-11-29,2024-12-01,Standard Class,Co-10616,Corporate,United States,North Carolina,South,Furniture,Furnishings,66.62,8,0.5,95.06
347,CA-2026-100346,2024-11-30,2024-12-03,Second Class,Co-10192,Corporate,United States,Pennsylvania,East,Furniture,Chairs,222.45,2,0.2,105.72
348,CA-2026-100347,2024-12-01,2024-12-02,Standard Class,Co-10964,Consumer,United States,Pennsylvania,East,Technology,Phones,678.06,1,0.1,-3.79
349,CA-2026-100348,2024-12-02,2024-12-04,Standard Class,Co-10525,Consumer,United States,Indiana,Central,Technology,Copiers,499.95,3,0.0,-86.46
350,CA-2026-100349,2024-12-03,2024-12-08,First Class,Ho-10567,Home Office,United States,Washington,West,Office Supplies,Binders,144.78,9,0.0,-55.27
351,CA-2026-100350,2024-12-04,2024-12-06,Second Class,Co-10193,Consumer,United States,Indiana,Central,Furniture,Furnishings,322.06,3,0.0,99.18
352,CA-2026-100351,2024-12-05,2024-12-07,Second Class,Co-10717,Consumer,United States,Florida,South,Office Supplies,Appliances,34.18,9,0.0,75.81
353,CA-2026-100352,2024-12-06,2024-12-07,First Class,Co-10232,Consumer,United States,Georgia,South,Office Supplies,Storage,763.3,7,0.2,435.7
354,CA-2026-100353,2024-12-07,2024-12-11,First Class,Ho-10533,Home Office,United States,Georgia,South,Office Supplies,Binders,671.82,1,0.0,-107.04
355,CA-2026-100354,2024-12-08,2024-12-10,Second Class,Co-10440,Consumer,United States,Georgia,South,Furniture,Furnishings,40.76,5,0.2,38.18
356,CA-2026-100355,2024-12-09,2024-12-12,First Class,Co-10413,Consumer,United States,Georgia,South,Furniture,Tables,76.17,9,0.0,194.4
357,CA-2026-100356,2024-12-10,2024-12-14,Second Class,Co-10690,Corporate,United States,Arizona,West,Office Supplies,Art,26.11,3,0.0,-2.06
358,CA-2026-100357,2024-12-11,2024-12-16,Second Class,Ho-10311,Home Office,United States,Massachusetts,East,Office Supplies,Binders,68.41,9,0.0,122.2
359,CA-2026-100358,2024-12-12,2024-12-13,Second Class,Co-10619,Consumer,United States,Illinois,Central,Furniture,Chairs,343.52,5,0.0,96.11
360,CA-2026-100359,2024-12-13,2024-12-18,Second Class,Co-10258,Consumer,United States,Indiana,Central,Furniture,Tables,100.06,9,0.0,300.3
361,CA-2026-100360,2024-12-14,2024-12-18,Standard Class,Co-10367,Consumer,United States,North Carolina,South,Office Supplies,Binders,23.51,6,0.5,21.66
362,CA-2026-100361,2024-12-15,2024-12-19,First Class,Co-10760,Consumer,United States,Illinois,Central,Technology,Phones,88.78,9,0.0,92.09
363,CA-2026-100362,2024-12-16,2024-12-20,First Class,Co-10961,Consumer,United States,Georgia,South,Technology,Phones,801.74,7,0.3,844.25
364,CA-2026-100363,2024-12-17,2024-12-22,Standard Class,Co-10702,Corporate,United States,Arizona,West,Office Supplies,Storage,203.68,7,0.0,470.51
365,CA-2026-100364,2024-12-18,2024-12-22,First Class,Co-10847,Corporate,United States,Arizona,West,Office Supplies,Storage,112.63,8,0.5,43.89
366,CA-2026-100365,2024-12-19,2024-12-24,Standard Class,Co-10573,Corporate,United States,Pennsylvania,East,Furniture,Chairs,41.43,7,0.0,-3.49
367,CA-2026-100366,2024-12-20,2024-12-24,Standard Class,Co-10900,Consumer,United States,Washington,West,Office Supplies,Art,861.28,9,0.3,1368.45
368,CA-2026-100367,2024-12-21,2024-12-24,Second Class,Ho-10509,Home Office,United States,California,West,Office Supplies,Art,348.91,9,0.0,-213.41
369,CA-2026-100368,2024-12-22,2024-12-26,Standard Class,Co-10573,Consumer,United States,New York,East,Office Supplies,Binders,71.11,6,0.2,11.3
370,CA-2026-100369,2024-12-23,2024-12-28,First Class,Ho-10455,Home Office,United States,Illinois,Central,Office Supplies,Appliances,19.53,7,0.3,30.57
371,CA-2026-100370,2024-12-24,2024-12-26,First Class,Co-10779,Corporate,United States,Florida,South,Furniture,Tables,16.66,2,0.0,7.82
372,CA-2026-100371,2024-12-25,2024-12-29,Standard Class,Co-10292,Consumer,United States,Florida,South,Furniture,Tables,30.65,9,0.0,11.66
373,CA-2026-100372,2024-12-26,2024-12-28,Standard Class,Co-10798,Corporate,United States,Illinois,Central,Office Supplies,Appliances,178.87,1,0.0,-12.73
374,CA-2026-100373,2024-12-27,2024-12-30,Standard Class,Co-10370,Consumer,United States,Pennsylvania,East,Furniture,Tables,533.35,1,0.3,5.07
375,CA-2026-100374,2024-12-28,2024-12-29,Second Class,Co-10213,Corporate,United States,Indiana,Central,Furniture,Chairs,142.33,3,0.0,-12.61
376,CA-2026-100375,2024-12-28,2024-12-31,Same Day,Co-10996,Consumer,United States,Washington,West,Technology,Machines,375.23,6,0.0,-212.41
377,CA-2026-100376,2024-12-29,2025-01-02,Second Class,Co-10622,Consumer,United States,Pennsylvania,East,Office Supplies,Binders,123.08,5,0.0,151.39
378,CA-2026-100377,2024-12-30,2025-01-01,Standard Class,Ho-10154,Home Office,United States,Ohio,East,Office Supplies,Appliances,251.6,2,0.0,-24.54
379,CA-2026-100378,2024-12-31,2025-01-02,Second Class,Co-10869,Consumer,United States,Massachusetts,East,Technology,Copiers,268.26,9,0.2,140.03
380,CA-2026-100379,2025-01-01,2025-01-06,Standard Class,Ho-10164,Home Office,United States,Virginia,South,Technology,Accessories,43.22,4,0.0,5.45
381,CA-2026-100380,2025-01-02,2025-01-04,Second Class,Co-10783,Consumer,United States,Indiana,Central,Office Supplies,Art,94.64,4,0.1,132.62
382,CA-2026-100381,2025-01-03,2025-01-08,Standard Class,Co-10371,Corporate,United States,Ohio,East,Technology,Phones,207.84,5,0.3,25.21
383,CA-2026-100382,2025-01-04,2025-01-05,Second Class,Co-10601,Corporate,United States,Pennsylvania,East,Office Supplies,Binders,19.66,8,0.0,-23.91
384,CA-2026-100383,2025-01-05,2025-01-09,Standard Class,Co-10761,Corporate,United States,Massachusetts,East,Office Supplies,Binders,94.74,4,0.1,-49.83
385,CA-2026-100384,2025-01-06,2025-01-11,Same Day,Co-10461,Consumer,United States,Indiana,Central,Office Supplies,Appliances,158.06,5,0.0,122.06
386,CA-2026-100385,2025-01-07,2025-01-08,Standard Class,Co-10245,Consumer,United States,Florida,South,Office Supplies,Storage,1120.84,4,0.1,644.06
387,CA-2026-100386,2025-01-08,2025-01-10,Second Class,Co-10308,Consumer,United States,Arizona,West,Office Supplies,Storage,133.69,6,0.0,41.11
388,CA-2026-100387,2025-01-09,2025-01-11,First Class,Co-10385,Consumer,United States,North Carolina,South,Office Supplies,Paper,343.63,3,0.2,48.75
389,CA-2026-100388,2025-01-10,2025-01-11,Standard Class,Co-10109,Corporate,United States,Pennsylvania,East,Furniture,Bookcases,118.15,8,0.0,-158.45
390,CA-2026-100389,2025-01-11,2025-01-13,First Class,Ho-10838,Home Office,United States,Florida,South,Office Supplies,Art,323.31,6,0.0,213.24
391,CA-2026-100390,2025-01-12,2025-01-13,Second Class,Ho-10285,Home Office,United States,Virginia,South,Furniture,Chairs,185.98,5,0.0,95.63
392,CA-2026-100391,2025-01-13,2025-01-18,Standard Class,Co-10673,Corporate,United States,Arizona,West,Office Supplies,Binders,440.36,2,0.0,-97.12
393,CA-2026-100392,2025-01-14,2025-01-19,Standard Class,Co-10696,Corporate,United States,Indiana,Central,Office Supplies,Binders,110.85,7,0.2,-85.48
394,CA-2026-100393,2025-01-15,2025-01-16,Second Class,Co-10563,Corporate,United States,Michigan,Central,Office Supplies,Storage,190.42,2,0.0,-47.93
395,CA-2026-100394,2025-01-16,2025-01-21,Standard Class,Co-10233,Consumer,United States,Virginia,South,Office Supplies,Art,203.86,1,0.1,-25.57
396,CA-2026-100395,2025-01-17,2025-01-22,Standard Class,Ho-10934,Home Office,United States,North Carolina,South,Technology,Phones,113.05,7,0.0,131.23
397,CA-2026-100396,2025-01-18,2025-01-23,Standard Class,Co-10908,Corporate,United States,Illinois,Central,Office Supplies,Art,36.17,5,0.1,-13.36
398,CA-2026-100397,2025-01-19,2025-01-22,Second Class,Co-10270,Corporate,United States,Michigan,Central,Office Supplies,Binders,24.65,1,0.0,-1.21
399,CA-2026-100398,2025-01-20,2025-01-24,Standard Class,Co-10312,Consumer,United States,Oregon,West,Office Supplies,Appliances,8.36,4,0.0,-3.21
400,CA-2026-100399,2025-01-21,2025-01-23,First Class,Co-10629,Consumer,United States,Massachusetts,East,Furniture,Furnishings,418.56,4,0.0,627.34
401,CA-2026-100400,2025-01-22,2025-01-25,Same Day,Co-10925,Consumer,United States,Florida,South,Furniture,Furnishings,58.96,7,0.2,103.27
402,CA-2026-100401,2025-01-23,2025-01-28,Same Day,Ho-10601,Home Office,United States,Michigan,Central,Furniture,Furnishings,52.53,9,0.0,-29.17
403,CA-2026-100402,2025-01-24,2025-01-25,Second Class,Co-10671,Corporate,United States,Georgia,South,Office Supplies,Art,271.39,2,0.3,-1.31
404,CA-2026-100403,2025-01-25,2025-01-30,Standard Class,Co-10699,Consumer,United States,Virginia,South,Office Supplies,Appliances,82.14,1,0.3,-4.26
405,CA-2026-100404,2025-01-26,2025-01-30,Second Class,Ho-10126,Home Office,United States,Indiana,Central,Technology,Accessories,146.06,2,0.0,27.79
406,CA-2026-100405,2025-01-27,2025-02-01,Standard Class,Co-10167,Consumer,United States,Oregon,West,Furniture,Furnishings,40.47,7,0.1,-47.99
407,CA-2026-100406,2025-01-27,2025-01-28,Standard Class,Co-10889,Consumer,United States,Florida,South,Furniture,Chairs,647.51,6,0.0,787.97
408,CA-2026-100407,2025-01-28,2025-02-01,Standard Class,Co-10507,Consumer,United States,Oregon,West,Technology,Accessories,386.54,4,0.0,176.1
409,CA-2026-100408,2025-01-29,2025-02-03,Standard Class,Co-10651,Corporate,United States,Indiana,Central,Furniture,Furnishings,403.71,1,0.2,109.55
410,CA-2026-100409,2025-01-30,2025-02-03,Second Class,Ho-10208,Home Office,United States,Massachusetts,East,Office Supplies,Binders,109.44,1,0.1,-9.98
411,CA-2026-100410,2025-01-31,2025-02-02,Second Class,Co-10173,Consumer,United States,Ohio,East,Office Supplies,Appliances,292.4,5,0.1,371.67
412,CA-2026-100411,2025-02-01,2025-02-03,Standard Class,Ho-10677,Home Office,United States,Florida,South,Office Supplies,Appliances,36.07,1,0.0,9.93
413,CA-2026-100412,2025-02-02,2025-02-07,Standard Class,Co-10779,Consumer,United States,Michigan,Central,Furniture,Furnishings,6.73,7,0.0,-5.83
414,CA-2026-100413,2025-02-03,2025-02-07,Same Day,Ho-10361,Home Office,United States,Oregon,West,Furniture,Tables,9.04,1,0.0,0.35
415,CA-2026-100414,2025-02-04,2025-02-05,Standard Class,Co-10467,Corporate,United States,Virginia,South,Furniture,Tables,181.67,1,0.2,-14.23
416,CA-2026-100415,2025-02-05,2025-02-10,Standard Class,Ho-10885,Home Office,United States,Texas,Central,Office Supplies,Art,126.54,2,0.0,-11.94
417,CA-2026-100416,2025-02-06,2025-02-08,Standard Class,Co-10948,Consumer,United States,Illinois,Central,Office Supplies,Paper,150.97,3,0.2,-15.24
418,CA-2026-100417,2025-02-07,2025-02-09,Second Class,Ho-10969,Home Office,United States,California,West,Furniture,Chairs,6.5,1,0.0,0.87
419,CA-2026-100418,2025-02-08,2025-02-13,Second Class,Co-10336,Corporate,United States,Georgia,South,Office Supplies,Binders,114.87,9,0.0,48.43
420,CA-2026-100419,2025-02-09,2025-02-13,Standard Class,Co-10826,Consumer,United States,Michigan,Central,Technology,Accessories,258.22,8,0.0,761.52
421,CA-2026-100420,2025-02-10,2025-02-12,Standard Class,Ho-10465,Home Office,United States,Michigan,Central,Furniture,Tables,121.93,5,0.0,-75.71
422,CA-2026-100421,2025-02-11,2025-02-15,Second Class,Co-10385,Consumer,United States,Texas,Central,Office Supplies,Appliances,268.52,2,0.0,206.34
423,CA-2026-100422,2025-02-12,2025-02-14,Second Class,Ho-10477,Home Office,United States,Arizona,West,Office Supplies,Art,58.06,5,0.2,-14.31
424,CA-2026-100423,2025-02-13,2025-02-15,Standard Class,Co-10760,Consumer,United States,Georgia,South,Furniture,Tables,340.48,6,0.3,377.13
425,CA-2026-100424,2025-02-14,2025-02-17,Same Day,Co-10929,Corporate,United States,Georgia,South,Office Supplies,Art,182.56,1,0.0,0.62
426,CA-2026-100425,2025-02-15,2025-02-17,Standard Class,Co-10475,Corporate,United States,Florida,South,Office Supplies,Binders,52.34,4,0.0,-23.9
427,CA-2026-100426,2025-02-16,2025-02-17,Standard Class,Co-10718,Consumer,United States,North Carolina,South,Technology,Copiers,59.03,9,0.0,167.21
428,CA-2026-100427,2025-02-17,2025-02-22,First Class,Co-10752,Consumer,United States,Pennsylvania,East,Technology,Accessories,202.79,2,0.3,-4.17
429,CA-2026-100428,2025-02-18,2025-02-23,Standard Class,Co-10175,Consumer,United States,Massachusetts,East,Office Supplies,Binders,359.32,5,0.0,350.9
430,CA-2026-100429,2025-02-19,2025-02-23,Second Class,Co-10108,Consumer,United States,Virginia,South,Office Supplies,Paper,112.44,1,0.3,11.01
431,CA-2026-100430,2025-02-20,2025-02-22,Standard Class,Co-10295,Consumer,United States,Oregon,West,Office Supplies,Storage,64.76,4,0.0,21.51
432,CA-2026-100431,2025-02-21,2025-02-22,Standard Class,Co-10906,Corporate,United States,New York,East,Office Supplies,Binders,408.5,4,0.0,159.3
433,CA-2026-100432,2025-02-22,2025-02-26,Same Day,Co-10891,Consumer,United States,Michigan,Central,Office Supplies,Storage,226.29,6,0.3,227.48
434,CA-2026-100433,2025-02-23,2025-02-26,Standard Class,Co-10992,Consumer,United States,Massachusetts,East,Furniture,Tables,123.87,9,0.0,-164.25
435,CA-2026-100434,2025-02-24,2025-02-28,First Class,Co-10729,Corporate,United States,Texas,Central,Office Supplies,Appliances,138.85,3,0.0,83.69
436,CA-2026-100435,2025-02-25,2025-03-01,Standard Class,Co-10389,Consumer,United States,Florida,South,Office Supplies,Appliances,50.7,9,0.0,154.0
437,CA-2026-100436,2025-02-26,2025-02-28,Standard Class,Ho-10160,Home Office,United States,Massachusetts,East,Office Supplies,Paper,202.13,6,0.0,-200.51
438,CA-2026-100437,2025-02-27,2025-03-02,Standard Class,Ho-10488,Home Office,United States,Washington,West,Technology,Accessories,93.86,7,0.0,-75.96
439,CA-2026-100438,2025-02-27,2025-03-03,Second Class,Co-10946,Corporate,United States,Pennsylvania,East,Furniture,Bookcases,1092.29,2,0.1,452.17
440,CA-2026-100439,2025-02-28,2025-03-01,Standard Class,Co-10917,Corporate,United States,New York,East,Office Supplies,Paper,135.86,6,0.2,40.67
441,CA-2026-100440,2025-03-01,2025-03-02,First Class,Ho-10662,Home Office,United States,Ohio,East,Furniture,Bookcases,138.06,6,0.0,34.9
442,CA-2026-100441,2025-03-02,2025-03-07,Standard Class,Co-10663,Consumer,United States,North Carolina,South,Office Supplies,Binders,171.87,2,0.3,-28.35
443,CA-2026-100442,2025-03-03,2025-03-06,Same Day,Co-10733,Consumer,United States,Oregon,West,Office Supplies,Art,502.2,2,0.0,104.52
444,CA-2026-100443,2025-03-04,2025-03-07,Standard Class,Co-10778,Consumer,United States,Pennsylvania,East,Office Supplies,Paper,327.71,2,0.0,-81.32
445,CA-2026-100444,2025-03-05,2025-03-10,First Class,Co-10107,Corporate,United States,Washington,West,Office Supplies,Art,124.98,1,0.0,10.74
446,CA-2026-100445,2025-03-06,2025-03-10,Second Class,Co-10468,Consumer,United States,Georgia,South,Office Supplies,Art,258.67,5,0.0,333.9
447,CA-2026-100446,2025-03-07,2025-03-10,Second Class,Co-10144,Corporate,United States,Indiana,Central,Office Supplies,Binders,181.49,8,0.0,-65.4
448,CA-2026-100447,2025-03-08,2025-03-09,First Class,Ho-10443,Home Office,United States,Pennsylvania,East,Office Supplies,Storage,140.6,2,0.5,12.44
449,CA-2026-100448,2025-03-09,2025-03-10,Second Class,Ho-10856,Home Office,United States,Washington,West,Office Supplies,Binders,47.72,5,0.0,94.3
450,CA-2026-100449,2025-03-10,2025-03-12,Second Class,Co-10895,Corporate,United States,Oregon,West,Technology,Accessories,129.7,8,0.0,219.96
451,CA-2026-100450,2025-03-11,2025-03-14,Standard Class,Co-10474,Consumer,United States,Virginia,South,Furniture,Chairs,61.42,5,0.0,93.61
452,CA-2026-100451,2025-03-12,2025-03-16,Standard Class,Ho-10718,Home Office,United States,Pennsylvania,East,Furniture,Furnishings,497.65,2,0.2,38.94
453,CA-2026-100452,2025-03-13,2025-03-18,First Class,Co-10126,Corporate,United States,Illinois,Central,Office Supplies,Binders,86.72,3,0.3,47.48
454,CA-2026-100453,2025-03-14,2025-03-19,Second Class,Co-10292,Consumer,United States,Arizona,West,Technology,Machines,613.41,6,0.0,-646.64
455,CA-2026-100454,2025-03-15,2025-03-19,Second Class,Co-10948,Consumer,United States,Pennsylvania,East,Office Supplies,Binders,157.31,5,0.0,-99.3
456,CA-2026-100455,2025-03-16,2025-03-18,Standard Class,Ho-10456,Home Office,United States,Indiana,Central,Furniture,Tables,204.69,4,0.0,-63.99
457,CA-2026-100456,2025-03-17,2025-03-22,Standard Class,Co-10161,Corporate,United States,Arizona,West,Office Supplies,Paper,161.59,4,0.0,26.61
458,CA-2026-100457,2025-03-18,2025-03-21,Standard Class,Ho-10161,Home Office,United States,Oregon,West,Office Supplies,Storage,32.71,5,0.0,50.28
459,CA-2026-100458,2025-03-19,2025-03-21,Second Class,Ho-10521,Home Office,United States,Texas,Central,Furniture,Bookcases,99.26,2,0.0,1.54
460,CA-2026-100459,2025-03-20,2025-03-23,Standard Class,Co-10893,Corporate,United States,Indiana,Central,Office Supplies,Binders,25.88,9,0.0,44.9
461,CA-2026-100460,2025-03-21,2025-03-22,Standard Class,Co-10732,Corporate,United States,Georgia,South,Technology,Phones,200.08,2,0.0,90.27
462,CA-2026-100461,2025-03-22,2025-03-24,Standard Class,Co-10891,Consumer,United States,New York,East,Office Supplies,Art,123.43,2,0.0,37.45
463,CA-2026-100462,2025-03-23,2025-03-28,Standard Class,Co-10650,Consumer,United States,Pennsylvania,East,Office Supplies,Appliances,306.0,9,0.3,27.65
464,CA-2026-100463,2025-03-24,2025-03-26,Standard Class,Co-10479,Consumer,United States,Florida,South,Office Supplies,Paper,54.81,3,0.3,16.83
465,CA-2026-100464,2025-03-25,2025-03-27,Standard Class,Co-10376,Corporate,United States,Arizona,West,Furniture,Chairs,40.96,7,0.0,1.54
466,CA-2026-100465,2025-03-26,2025-03-28,Second Class,Co-10705,Corporate,United States,Indiana,Central,Technology,Accessories,109.29,4,0.0,-65.43
467,CA-2026-100466,2025-03-27,2025-03-29,Standard Class,Ho-10530,Home Office,United States,Indiana,Central,Office Supplies,Binders,527.33,6,0.0,1251.93
468,CA-2026-100467,2025-03-28,2025-03-31,Standard Class,Co-10214,Consumer,United States,Indiana,Central,Office Supplies,Paper,252.87,4,0.0,-125.11
469,CA-2026-100468,2025-03-29,2025-03-30,Standard Class,Co-10787,Corporate,United States,Arizona,West,Office Supplies,Appliances,113.57,7,0.2,-99.59
470,CA-2026-100469,2025-03-29,2025-04-02,Standard Class,Co-10220,Corporate,United States,Michigan,Central,Office Supplies,Binders,150.66,1,0.0,49.28
471,CA-2026-100470,2025-03-30,2025-04-01,Standard Class,Co-10624,Corporate,United States,Indiana,Central,Office Supplies,Art,22.59,3,0.3,-0.9
472,CA-2026-100471,2025-03-31,2025-04-05,Standard Class,Co-10998,Corporate,United States,Georgia,South,Furniture,Bookcases,839.36,3,0.3,335.22
473,CA-2026-100472,2025-04-01,2025-04-03,Second Class,Co-10515,Consumer,United States,Washington,West,Technology,Copiers,224.57,1,0.0,-0.58
474,CA-2026-100473,2025-04-02,2025-04-07,Standard Class,Co-10262,Corporate,United States,Massachusetts,East,Technology,Accessories,72.21,6,0.0,15.11
475,CA-2026-100474,2025-04-03,2025-04-06,Second Class,Co-10886,Consumer,United States,Virginia,South,Office Supplies,Appliances,181.29,9,0.0,-69.72
476,CA-2026-100475,2025-04-04,2025-04-09,First Class,Co-10787,Consumer,United States,Florida,South,Technology,Accessories,28.19,8,0.0,1.31
477,CA-2026-100476,2025-04-05,2025-04-09,Second Class,Co-10436,Consumer,United States,Pennsylvania,East,Furniture,Tables,680.32,7,0.0,221.06
478,CA-2026-100477,2025-04-06,2025-04-07,Standard Class,Co-10478,Corporate,United States,Virginia,South,Office Supplies,Appliances,43.42,8,0.0,80.67
479,CA-2026-100478,2025-04-07,2025-04-12,Standard Class,Ho-10423,Home Office,United States,Arizona,West,Office Supplies,Art,213.84,6,0.3,96.03
480,CA-2026-100479,2025-04-08,2025-04-13,Standard Class,Co-10272,Corporate,United States,Illinois,Central,Office Supplies,Appliances,61.33,9,0.0,202.1
481,CA-2026-100480,2025-04-09,2025-04-10,Standard Class,Co-10886,Corporate,United States,Oregon,West,Office Supplies,Binders,257.86,3,0.0,-135.28
482,CA-2026-100481,2025-04-10,2025-04-14,Same Day,Co-10163,Corporate,United States,Massachusetts,East,Office Supplies,Art,304.96,9,0.1,251.57
483,CA-2026-100482,2025-04-11,2025-04-13,Standard Class,Co-10200,Corporate,United States,New York,East,Furniture,Chairs,228.82,4,0.1,124.0
484,CA-2026-100483,2025-04-12,2025-04-17,Standard Class,Co-10421,Consumer,United States,Virginia,South,Office Supplies,Storage,195.64,7,0.0,482.22
485,CA-2026-100484,2025-04-13,2025-04-14,Second Class,Co-10165,Consumer,United States,California,West,Furniture,Tables,451.0,9,0.3,-484.46
486,CA-2026-100485,2025-04-14,2025-04-17,Second Class,Co-10942,Consumer,United States,California,West,Office Supplies,Binders,21.38,2,0.0,6.16
487,CA-2026-100486,2025-04-15,2025-04-16,Standard Class,Co-10656,Consumer,United States,Massachusetts,East,Furniture,Tables,85.37,2,0.0,53.3
488,CA-2026-100487,2025-04-16,2025-04-19,Standard Class,Co-10698,Consumer,United States,Arizona,West,Furniture,Furnishings,62.08,9,0.0,-30.64
489,CA-2026-100488,2025-04-17,2025-04-21,Standard Class,Co-10557,Consumer,United States,New York,East,Office Supplies,Paper,889.8,3,0.0,869.62
490,CA-2026-100489,2025-04-18,2025-04-20,Standard Class,Co-10678,Consumer,United States,Washington,West,Office Supplies,Appliances,103.66,9,0.2,-140.74
491,CA-2026-100490,2025-04-19,2025-04-20,Standard Class,Ho-10552,Home Office,United States,Washington,West,Technology,Machines,268.81,5,0.1,289.68
492,CA-2026-100491,2025-04-20,2025-04-25,Standard Class,Co-10358,Consumer,United States,Arizona,West,Office Supplies,Paper,235.86,6,0.2,407.42
493,CA-2026-100492,2025-04-21,2025-04-25,Standard Class,Co-10816,Consumer,United States,Ohio,East,Office Supplies,Art,52.67,2,0.0,20.47
494,CA-2026-100493,2025-04-22,2025-04-23,Standard Class,Co-10525,Consumer,United States,North Carolina,South,Technology,Accessories,59.62,8,0.0,30.25
495,CA-2026-100494,2025-04-23,2025-04-28,Standard Class,Co-10277,Corporate,United States,Arizona,West,Office Supplies,Storage,71.06,9,0.0,-110.69
496,CA-2026-100495,2025-04-24,2025-04-25,Standard Class,Co-10379,Consumer,United States,Pennsylvania,East,Furniture,Tables,110.91,2,0.0,78.1
497,CA-2026-100496,2025-04-25,2025-04-28,Standard Class,Co-10443,Consumer,United States,Ohio,East,Office Supplies,Appliances,58.4,6,0.1,25.92
498,CA-2026-100497,2025-04-26,2025-04-27,Second Class,Co-10116,Corporate,United States,Arizona,West,Technology,Accessories,8.97,6,0.2,-7.86
499,CA-2026-100498,2025-04-27,2025-04-28,First Class,Co-10395,Consumer,United States,Oregon,West,Office Supplies,Storage,428.04,8,0.0,732.44
500,CA-2026-100499,2025-04-28,2025-04-29,Standard Class,Co-10301,Consumer,United States,Virginia,South,Furniture,Tables,679.0,5,0.0,302.5
501,CA-2026-100500,2025-04-28,2025-05-02,Standard Class,Co-10783,Consumer,United States,Ohio,East,Furniture,Bookcases,88.58,9,0.0,-99.97
502,CA-2026-100501,2025-04-29,2025-04-30,Standard Class,Co-10873,Consumer,United States,Pennsylvania,East,Furniture,Bookcases,87.65,1,0.0,-6.26
503,CA-2026-100502,2025-04-30,2025-05-05,Second Class,Co-10293,Consumer,United States,Illinois,Central,Office Supplies,Paper,6.42,9,0.0,-9.32
504,CA-2026-100503,2025-05-01,2025-05-04,Second Class,Co-10248,Consumer,United States,Ohio,East,Office Supplies,Art,233.04,7,0.0,235.84
505,CA-2026-100504,2025-05-02,2025-05-05,Standard Class,Ho-10474,Home Office,United States,Georgia,South,Furniture,Furnishings,354.1,4,0.0,245.35
506,CA-2026-100505,2025-05-03,2025-05-04,First Class,Co-10987,Corporate,United States,Michigan,Central,Technology,Accessories,36.71,3,0.0,11.39
507,CA-2026-100506,2025-05-04,2025-05-08,Standard Class,Co-10134,Corporate,United States,Indiana,Central,Office Supplies,Appliances,39.79,6,0.0,69.3
508,CA-2026-100507,2025-05-05,2025-05-09,Standard Class,Co-10468,Consumer,United States,Illinois,Central,Office Supplies,Paper,317.21,1,0.0,100.43
509,CA-2026-100508,2025-05-06,2025-05-11,Second Class,Ho-10128,Home Office,United States,Arizona,West,Technology,Machines,196.57,3,0.1,89.89
510,CA-2026-100509,2025-05-07,2025-05-08,First Class,Co-10874,Consumer,United States,Washington,West,Furniture,Tables,14.18,2,0.0,-5.45
511,CA-2026-100510,2025-05-08,2025-05-11,Second Class,Co-10320,Consumer,United States,New York,East,Office Supplies,Paper,199.86,9,0.5,195.29
512,CA-2026-100511,2025-05-09,2025-05-13,First Class,Co-10152,Corporate,United States,Indiana,Central,Office Supplies,Appliances,78.9,3,0.0,12.02
513,CA-2026-100512,2025-05-10,2025-05-11,Standard Class,Co-10890,Consumer,United States,North Carolina,South,Technology,Accessories,97.0,2,0.0,27.03
514,CA-2026-100513,2025-05-11,2025-05-15,First Class,Co-10452,Consumer,United States,Washington,West,Office Supplies,Appliances,298.7,4,0.0,226.35
515,CA-2026-100514,2025-05-12,2025-05-16,Standard Class,Co-10491,Corporate,United States,Virginia,South,Furniture,Bookcases,338.13,2,0.0,6.86
516,CA-2026-100515,2025-05-13,2025-05-16,First Class,Ho-10175,Home Office,United States,Virginia,South,Technology,Phones,107.28,1,0.2,30.06
517,CA-2026-100516,2025-05-14,2025-05-16,Standard Class,Co-10593,Consumer,United States,Washington,West,Furniture,Bookcases,593.07,6,0.0,-425.64
518,CA-2026-100517,2025-05-15,2025-05-20,First Class,Co-10787,Corporate,United States,Arizona,West,Technology,Accessories,109.33,8,0.3,124.23
519,CA-2026-100518,2025-05-16,2025-05-21,Standard Class,Ho-10621,Home Office,United States,Oregon,West,Technology,Machines,300.54,2,0.3,-83.05
520,CA-2026-100519,2025-05-17,2025-05-20,Second Class,Co-10216,Consumer,United States,Arizona,West,Furniture,Bookcases,137.28,9,0.0,438.35
521,CA-2026-100520,2025-05-18,2025-05-22,Standard Class,Co-10379,Consumer,United States,Indiana,Central,Office Supplies,Binders,460.64,3,0.0,-183.1
522,CA-2026-100521,2025-05-19,2025-05-20,Second Class,Co-10829,Consumer,United States,Indiana,Central,Furniture,Tables,481.67,8,0.1,-496.17
523,CA-2026-100522,2025-05-20,2025-05-24,Standard Class,Co-10274,Consumer,United States,Illinois,Central,Office Supplies,Art,23.3,8,0.0,-0.04
524,CA-2026-100523,2025-05-21,2025-05-24,Standard Class,Co-10845,Consumer,United States,Michigan,Central,Office Supplies,Binders,556.32,3,0.1,36.26
525,CA-2026-100524,2025-05-22,2025-05-27,Standard Class,Ho-10863,Home Office,United States,New York,East,Office Supplies,Storage,354.21,3,0.0,-75.89
526,CA-2026-100525,2025-05-23,2025-05-27,Standard Class,Co-10394,Corporate,United States,Texas,Central,Technology,Machines,318.38,6,0.0,288.59
527,CA-2026-100526,2025-05-24,2025-05-29,First Class,Co-10550,Corporate,United States,Oregon,West,Office Supplies,Art,49.86,1,0.0,3.28
528,CA-2026-100527,2025-05-25,2025-05-26,Standard Class,Co-10933,Consumer,United States,Georgia,South,Office Supplies,Binders,332.07,4,0.0,-238.42
529,CA-2026-100528,2025-05-26,2025-05-31,Same Day,Ho-10617,Home Office,United States,Michigan,Central,Technology,Phones,384.6,1,0.3,-2.21
530,CA-2026-100529,2025-05-27,2025-06-01,Standard Class,Ho-10120,Home Office,United States,Pennsylvania,East,Technology,Phones,73.26,3,0.0,62.91
531,CA-2026-100530,2025-05-28,2025-05-30,Standard Class,Ho-10172,Home Office,United States,California,West,Furniture,Tables,613.4,9,0.2,944.34
532,CA-2026-100531,2025-05-28,2025-05-30,Second Class,Co-10941,Consumer,United States,Georgia,South,Technology,Machines,15.23,5,0.0,17.89
533,CA-2026-100532,2025-05-29,2025-05-31,Second Class,Co-10135,Corporate,United States,North Carolina,South,Furniture,Tables,37.48,5,0.0,41.02
534,CA-2026-100533,2025-05-30,2025-06-04,Standard Class,Co-10606,Consumer,United States,Texas,Central,Technology,Copiers,159.26,4,0.0,-8.55
535,CA-2026-100534,2025-05-31,2025-06-03,Standard Class,Co-10998,Consumer,United States,Virginia,South,Furniture,Chairs,176.51,3,0.0,-74.24
536,CA-2026-100535,2025-06-01,2025-06-06,Second Class,Co-10332,Consumer,United States,Illinois,Central,Furniture,Bookcases,212.21,5,0.0,-38.75
537,CA-2026-100536,2025-06-02,2025-06-05,Standard Class,Co-10827,Corporate,United States,Texas,Central,Office Supplies,Binders,8.42,4,0.0,10.07
538,CA-2026-100537,2025-06-03,2025-06-06,Same Day,Co-10596,Corporate,United States,Washington,West,Office Supplies,Binders,650.62,8,0.2,1616.8
539,CA-2026-100538,2025-06-04,2025-06-06,Same Day,Co-10305,Consumer,United States,California,West,Office Supplies,Art,14.12,4,0.0,5.44
540,CA-2026-100539,2025-06-05,2025-06-09,Second Class,Co-10525,Consumer,United States,New York,East,Furniture,Furnishings,35.88,8,0.0,-55.74
541,CA-2026-100540,2025-06-06,2025-06-07,Standard Class,Co-10143,Consumer,United States,Arizona,West,Office Supplies,Art,7.82,6,0.2,-4.35
542,CA-2026-100541,2025-06-07,2025-06-09,Second Class,Co-10190,Consumer,United States,Washington,West,Technology,Phones,172.34,5,0.2,-4.65
543,CA-2026-100542,2025-06-08,2025-06-10,Standard Class,Co-10927,Consumer,United States,Michigan,Central,Office Supplies,Appliances,543.44,4,0.0,319.87
544,CA-2026-100543,2025-06-09,2025-06-13,Standard Class,Co-10569,Consumer,United States,Arizona,West,Furniture,Chairs,224.29,4,0.0,-139.01
545,CA-2026-100544,2025-06-10,2025-06-11,Standard Class,Co-10704,Corporate,United States,Indiana,Central,Office Supplies,Appliances,350.93,4,0.3,359.65
546,CA-2026-100545,2025-06-11,2025-06-16,Standard Class,Co-10566,Consumer,United States,Texas,Central,Furniture,Bookcases,7.67,9,0.0,1.32
547,CA-2026-100546,2025-06-12,2025-06-17,First Class,Co-10950,Consumer,United States,Oregon,West,Technology,Accessories,161.18,4,0.0,224.07
548,CA-2026-100547,2025-06-13,2025-06-15,Second Class,Co-10553,Consumer,United States,Pennsylvania,East,Technology,Machines,128.08,9,0.0,309.29
549,CA-2026-100548,2025-06-14,2025-06-15,Second Class,Ho-10694,Home Office,United States,Ohio,East,Office Supplies,Appliances,143.22,6,0.2,174.11
550,CA-2026-100549,2025-06-15,2025-06-17,Standard Class,Co-10432,Corporate,United States,Georgia,South,Office Supplies,Paper,19.99,7,0.0,22.95
551,CA-2026-100550,2025-06-16,2025-06-19,Standard Class,Co-10606,Corporate,United States,Georgia,South,Office Supplies,Appliances,235.68,3,0.5,62.24
552,CA-2026-100551,2025-06-17,2025-06-19,Standard Class,Co-10893,Consumer,United States,Oregon,West,Office Supplies,Binders,144.92,8,0.0,211.93
553,CA-2026-100552,2025-06-18,2025-06-20,Same Day,Co-10569,Corporate,United States,Ohio,East,Technology,Copiers,294.76,3,0.2,125.38
554,CA-2026-100553,2025-06-19,2025-06-24,Standard Class,Co-10120,Consumer,United States,Texas,Central,Office Supplies,Binders,137.83,1,0.0,18.23
555,CA-2026-100554,2025-06-20,2025-06-25,First Class,Co-10327,Corporate,United States,Florida,South,Office Supplies,Art,37.36,5,0.0,73.2
556,CA-2026-100555,2025-06-21,2025-06-26,Standard Class,Ho-10475,Home Office,United States,Indiana,Central,Office Supplies,Storage,213.97,2,0.3,71.71
557,CA-2026-100556,2025-06-22,2025-06-25,Standard Class,Co-10229,Corporate,United States,Florida,South,Office Supplies,Art,42.84,6,0.0,68.42
558,CA-2026-100557,2025-06-23,2025-06-28,Second Class,Ho-10786,Home Office,United States,Arizona,West,Technology,Phones,416.76,9,0.0,1213.31
559,CA-2026-100558,2025-06-24,2025-06-25,Standard Class,Co-10719,Corporate,United States,Massachusetts,East,Office Supplies,Paper,194.93,1,0.0,-13.77
560,CA-2026-100559,2025-06-25,2025-06-29,First Class,Co-10513,Consumer,United States,North Carolina,South,Office Supplies,Art,39.21,4,0.0,-23.48
561,CA-2026-100560,2025-06-26,2025-06-27,First Class,Ho-10894,Home Office,United States,Ohio,East,Furniture,Bookcases,660.82,1,0.0,59.3
562,CA-2026-100561,2025-06-27,2025-06-28,Standard Class,Co-10170,Consumer,United States,Texas,Central,Office Supplies,Art,151.11,1,0.1,14.75
563,CA-2026-100562,2025-06-27,2025-07-02,Standard Class,Co-10503,Corporate,United States,Washington,West,Office Supplies,Binders,20.14,8,0.0,47.93
564,CA-2026-100563,2025-06-28,2025-07-02,Standard Class,Co-10661,Consumer,United States,New York,East,Furniture,Chairs,202.15,2,0.0,26.79
565,CA-2026-100564,2025-06-29,2025-07-03,First Class,Co-10706,Consumer,United States,Arizona,West,Furniture,Chairs,63.39,1,0.0,9.03
566,CA-2026-100565,2025-06-30,2025-07-04,Standard Class,Co-10890,Consumer,United States,New York,East,Office Supplies,Appliances,330.62,8,0.1,276.71
567,CA-2026-100566,2025-07-01,2025-07-04,Second Class,Co-10496,Consumer,United States,Michigan,Central,Office Supplies,Appliances,345.55,4,0.2,-195.81
568,CA-2026-100567,2025-07-02,2025-07-07,Second Class,Co-10436,Consumer,United States,Indiana,Central,Office Supplies,Appliances,777.15,3,0.0,394.32
569,CA-2026-100568,2025-07-03,2025-07-07,Second Class,Co-10743,Corporate,United States,Arizona,West,Furniture,Chairs,144.38,4,0.0,171.42
570,CA-2026-100569,2025-07-04,2025-07-07,Standard Class,Co-10604,Consumer,United States,Illinois,Central,Office Supplies,Paper,126.38,5,0.3,-46.67
571,CA-2026-100570,2025-07-05,2025-07-07,Second Class,Co-10375,Consumer,United States,Georgia,South,Furniture,Bookcases,285.06,1,0.0,44.64
572,CA-2026-100571,2025-07-06,2025-07-08,First Class,Co-10991,Corporate,United States,Massachusetts,East,Office Supplies,Appliances,33.42,1,0.3,3.65
573,CA-2026-100572,2025-07-07,2025-07-10,Standard Class,Co-10112,Consumer,United States,Michigan,Central,Furniture,Bookcases,163.34,3,0.3,-34.81
574,CA-2026-100573,2025-07-08,2025-07-11,Standard Class,Co-10102,Corporate,United States,Florida,South,Furniture,Bookcases,163.04,6,0.2,-98.55
575,CA-2026-100574,2025-07-09,2025-07-14,Same Day,Co-10323,Corporate,United States,Oregon,West,Furniture,Furnishings,23.75,1,0.0,9.22
576,CA-2026-100575,2025-07-10,2025-07-15,Standard Class,Ho-10274,Home Office,United States,Virginia,South,Office Supplies,Appliances,113.25,2,0.2,6.57
577,CA-2026-100576,2025-07-11,2025-07-13,First Class,Co-10998,Corporate,United States,Washington,West,Furniture,Bookcases,388.85,7,0.2,-138.38
578,CA-2026-100577,2025-07-12,2025-07-16,Standard Class,Co-10484,Consumer,United States,Arizona,West,Office Supplies,Art,392.8,1,0.0,-38.18
579,CA-2026-100578,2025-07-13,2025-07-15,Standard Class,Co-10701,Corporate,United States,Ohio,East,Office Supplies,Appliances,25.9,7,0.0,36.36
580,CA-2026-100579,2025-07-14,2025-07-18,First Class,Co-10340,Consumer,United States,Ohio,East,Office Supplies,Binders,24.02,4,0.0,15.92
581,CA-2026-100580,2025-07-15,2025-07-19,Standard Class,Co-10646,Consumer,United States,Virginia,South,Office Supplies,Paper,65.95,6,0.0,73.65
582,CA-2026-100581,2025-07-16,2025-07-21,Standard Class,Co-10113,Corporate,United States,Ohio,East,Technology,Machines,420.51,8,0.0,-495.18
583,CA-2026-100582,2025-07-17,2025-07-18,Standard Class,Co-10294,Consumer,United States,New York,East,Furniture,Furnishings,32.6,9,0.0,98.62
584,CA-2026-100583,2025-07-18,2025-07-19,Standard Class,Co-10496,Corporate,United States,Massachusetts,East,Office Supplies,Binders,259.59,6,0.0,52.27
585,CA-2026-100584,2025-07-19,2025-07-22,Standard Class,Ho-10530,Home Office,United States,North Carolina,South,Furniture,Chairs,26.33,9,0.0,-2.84
586,CA-2026-100585,2025-07-20,2025-07-25,Standard Class,Ho-10405,Home Office,United States,Indiana,Central,Furniture,Furnishings,200.18,4,0.0,61.99
587,CA-2026-100586,2025-07-21,2025-07-25,Same Day,Ho-10433,Home Office,United States,New York,East,Office Supplies,Paper,93.03,6,0.1,17.1
588,CA-2026-100587,2025-07-22,2025-07-23,Standard Class,Co-10824,Consumer,United States,New York,East,Office Supplies,Art,316.1,8,0.3,563.17
589,CA-2026-100588,2025-07-23,2025-07-27,Second Class,Co-10509,Consumer,United States,Florida,South,Technology,Phones,58.23,9,0.0,187.38
590,CA-2026-100589,2025-07-24,2025-07-25,Standard Class,Co-10102,Corporate,United States,Texas,Central,Office Supplies,Art,208.89,3,0.0,-11.23
591,CA-2026-100590,2025-07-25,2025-07-26,Second Class,Co-10790,Consumer,United States,New York,East,Technology,Phones,58.75,2,0.0,37.41
592,CA-2026-100591,2025-07-26,2025-07-27,Standard Class,Co-10651,Corporate,United States,Washington,West,Furniture,Tables,255.12,6,0.1,370.47
593,CA-2026-100592,2025-07-27,2025-08-01,Same Day,Co-10551,Corporate,United States,Georgia,South,Furniture,Furnishings,418.78,4,0.2,480.4
594,CA-2026-100593,2025-07-28,2025-07-30,Standard Class,Co-10775,Corporate,United States,New York,East,Furniture,Tables,32.12,1,0.3,-1.18
595,CA-2026-100594,2025-07-28,2025-08-01,Standard Class,Co-10918,Consumer,United States,New York,East,Furniture,Furnishings,407.87,8,0.0,476.96
596,CA-2026-100595,2025-07-29,2025-08-03,Standard Class,Co-10846,Consumer,United States,Arizona,West,Office Supplies,Storage,185.07,9,0.5,-29.38
597,CA-2026-100596,2025-07-30,2025-08-04,Standard Class,Co-10868,Consumer,United States,Washington,West,Office Supplies,Appliances,32.19,9,0.0,85.31
598,CA-2026-100597,2025-07-31,2025-08-05,Standard Class,Co-10971,Consumer,United States,North Carolina,South,Furniture,Tables,116.56,2,0.1,-41.29
599,CA-2026-100598,2025-08-01,2025-08-06,Standard Class,Ho-10594,Home Office,United States,Georgia,South,Technology,Accessories,40.08,9,0.0,50.1
600,CA-2026-100599,2025-08-02,2025-08-07,First Class,Co-10516,Consumer,United States,Washington,West,Technology,Accessories,246.03,7,0.3,4.25
601,CA-2026-100600,2025-08-03,2025-08-06,Standard Class,Co-10490,Consumer,United States,Virginia,South,Furniture,Chairs,289.48,5,0.0,-9.25
602,CA-2026-100601,2025-08-04,2025-08-08,Standard Class,Co-10472,Consumer,United States,Arizona,West,Furniture,Bookcases,27.36,7,0.1,32.22
603,CA-2026-100602,2025-08-05,2025-08-10,Second Class,Co-10727,Corporate,United States,Ohio,East,Furniture,Tables,146.1,9,0.2,327.03
604,CA-2026-100603,2025-08-06,2025-08-10,Second Class,Co-10151,Corporate,United States,Arizona,West,Furniture,Chairs,342.07,8,0.0,452.95
605,CA-2026-100604,2025-08-07,2025-08-10,Standard Class,Co-10475,Consumer,United States,California,West,Furniture,Furnishings,555.28,6,0.0,1039.16
606,CA-2026-100605,2025-08-08,2025-08-11,Standard Class,Co-10494,Consumer,United States,Texas,Central,Office Supplies,Binders,149.11,4,0.3,-17.22
607,CA-2026-100606,2025-08-09,2025-08-13,Standard Class,Co-10241,Consumer,United States,Arizona,West,Furniture,Tables,605.27,1,0.0,67.61
608,CA-2026-100607,2025-08-10,2025-08-11,Second Class,Co-10185,Consumer,United States,Oregon,West,Office Supplies,Storage,158.44,6,0.0,66.85
609,CA-2026-100608,2025-08-11,2025-08-13,Second Class,Co-10563,Corporate,United States,Illinois,Central,Technology,Accessories,105.24,3,0.0,-60.94
610,CA-2026-100609,2025-08-12,2025-08-13,Standard Class,Co-10145,Corporate,United States,Georgia,South,Office Supplies,Art,382.04,6,0.0,307.36
611,CA-2026-100610,2025-08-13,2025-08-14,First Class,Co-10943,Consumer,United States,Illinois,Central,Technology,Phones,140.84,6,0.0,166.4
612,CA-2026-100611,2025-08-14,2025-08-15,First Class,Co-10337,Consumer,United States,Massachusetts,East,Furniture,Chairs,132.69,4,0.0,82.35
613,CA-2026-100612,2025-08-15,2025-08-20,Standard Class,Ho-10109,Home Office,United States,Indiana,Central,Office Supplies,Paper,139.79,2,0.0,67.59
614,CA-2026-100613,2025-08-16,2025-08-19,First Class,Co-10763,Consumer,United States,New York,East,Office Supplies,Appliances,380.18,9,0.0,488.62
615,CA-2026-100614,2025-08-17,2025-08-18,Standard Class,Co-10672,Corporate,United States,North Carolina,South,Furniture,Furnishings,361.69,2,0.3,-80.99
616,CA-2026-100615,2025-08-18,2025-08-21,Standard Class,Co-10629,Consumer,United States,Michigan,Central,Furniture,Bookcases,108.34,3,0.5,-21.15
617,CA-2026-100616,2025-08-19,2025-08-23,Standard Class,Co-10697,Consumer,United States,Indiana,Central,Office Supplies,Binders,86.08,1,0.1,12.23
618,CA-2026-100617,2025-08-20,2025-08-22,Standard Class,Co-10748,Consumer,United States,Georgia,South,Office Supplies,Storage,140.43,7,0.0,-34.42
619,CA-2026-100618,2025-08-21,2025-08-25,Standard Class,Co-10841,Corporate,United States,New York,East,Office Supplies,Paper,175.09,1,0.3,-18.66
620,CA-2026-100619,2025-08-22,2025-08-26,First Class,Ho-10739,Home Office,United States,Illinois,Central,Office Supplies,Appliances,59.45,9,0.0,30.91
621,CA-2026-100620,2025-08-23,2025-08-28,Standard Class,Co-10715,Consumer,United States,Pennsylvania,East,Office Supplies,Appliances,320.93,1,0.0,42.55
622,CA-2026-100621,2025-08-24,2025-08-26,Standard Class,Co-10797,Consumer,United States,Indiana,Central,Furniture,Bookcases,138.29,5,0.3,-1.33
623,CA-2026-100622,2025-08-25,2025-08-29,Standard Class,Co-10277,Consumer,United States,Washington,West,Office Supplies,Storage,86.31,7,0.2,112.26
624,CA-2026-100623,2025-08-26,2025-08-30,First Class,Co-10968,Consumer,United States,Indiana,Central,Furniture,Tables,27.59,3,0.2,12.33
625,CA-2026-100624,2025-08-27,2025-08-29,Standard Class,Co-10105,Consumer,United States,Florida,South,Furniture,Furnishings,59.58,9,0.2,-0.13
626,CA-2026-100625,2025-08-27,2025-08-29,Standard Class,Co-10952,Consumer,United States,North Carolina,South,Technology,Accessories,601.29,8,0.0,1216.64
627,CA-2026-100626,2025-08-28,2025-09-01,Standard Class,Co-10406,Corporate,United States,Massachusetts,East,Office Supplies,Art,77.8,3,0.0,44.16
628,CA-2026-100627,2025-08-29,2025-08-31,Standard Class,Co-10647,Consumer,United States,Michigan,Central,Office Supplies,Binders,41.99,5,0.1,34.48
629,CA-2026-100628,2025-08-30,2025-09-03,Same Day,Co-10426,Consumer,United States,Massachusetts,East,Office Supplies,Art,128.49,7,0.0,118.78
630,CA-2026-100629,2025-08-31,2025-09-04,Same Day,Ho-10455,Home Office,United States,Pennsylvania,East,Office Supplies,Paper,78.37,4,0.0,-60.55
631,CA-2026-100630,2025-09-01,2025-09-06,Standard Class,Co-10892,Consumer,United States,California,West,Furniture,Bookcases,12.16,5,0.2,10.6
632,CA-2026-100631,2025-09-02,2025-09-03,Same Day,Ho-10494,Home Office,United States,Washington,West,Furniture,Furnishings,83.06,3,0.2,5.11
633,CA-2026-100632,2025-09-03,2025-09-07,Second Class,Co-10399,Consumer,United States,North Carolina,South,Furniture,Tables,162.1,9,0.0,533.32
634,CA-2026-100633,2025-09-04,2025-09-07,First Class,Ho-10625,Home Office,United States,Massachusetts,East,Office Supplies,Art,165.46,9,0.2,346.42
635,CA-2026-100634,2025-09-05,2025-09-06,Standard Class,Co-10848,Corporate,United States,Georgia,South,Office Supplies,Appliances,93.18,7,0.2,79.64
636,CA-2026-100635,2025-09-06,2025-09-07,Standard Class,Ho-10384,Home Office,United States,Illinois,Central,Office Supplies,Storage,123.59,2,0.1,-10.83
637,CA-2026-100636,2025-09-07,2025-09-08,Standard Class,Ho-10429,Home Office,United States,Ohio,East,Office Supplies,Paper,678.46,7,0.0,-369.34
638,CA-2026-100637,2025-09-08,2025-09-13,Second Class,Co-10149,Consumer,United States,Massachusetts,East,Technology,Phones,99.75,7,0.0,2.95
639,CA-2026-100638,2025-09-09,2025-09-13,Standard Class,Ho-10872,Home Office,United States,Michigan,Central,Furniture,Chairs,64.74,5,0.0,27.82
640,CA-2026-100639,2025-09-10,2025-09-15,Standard Class,Co-10721,Consumer,United States,Indiana,Central,Furniture,Tables,60.8,9,0.0,-12.24
641,CA-2026-100640,2025-09-11,2025-09-15,Standard Class,Co-10808,Consumer,United States,Florida,South,Office Supplies,Storage,127.41,3,0.0,41.65
642,CA-2026-100641,2025-09-12,2025-09-17,Second Class,Co-10477,Consumer,United States,Georgia,South,Office Supplies,Storage,290.02,4,0.0,-116.91
643,CA-2026-100642,2025-09-13,2025-09-18,Standard Class,Co-10863,Corporate,United States,Michigan,Central,Technology,Accessories,51.13,1,0.0,19.77
644,CA-2026-100643,2025-09-14,2025-09-17,Second Class,Co-10699,Consumer,United States,Florida,South,Furniture,Bookcases,252.09,6,0.3,-143.19
645,CA-2026-100644,2025-09-15,2025-09-20,Same Day,Co-10924,Corporate,United States,Michigan,Central,Technology,Phones,9.28,4,0.0,13.33
646,CA-2026-100645,2025-09-16,2025-09-18,Standard Class,Co-10637,Corporate,United States,New York,East,Technology,Copiers,113.58,1,0.2,31.63
647,CA-2026-100646,2025-09-17,2025-09-20,Second Class,Co-10873,Corporate,United States,Pennsylvania,East,Furniture,Tables,304.1,2,0.1,63.07
648,CA-2026-100647,2025-09-18,2025-09-23,Standard Class,Ho-10243,Home Office,United States,Arizona,West,Office Supplies,Paper,87.72,3,0.0,61.83
649,CA-2026-100648,2025-09-19,2025-09-20,First Class,Co-10159,Consumer,United States,New York,East,Office Supplies,Art,170.9,9,0.3,66.35
650,CA-2026-100649,2025-09-20,2025-09-22,Standard Class,Co-10967,Consumer,United States,Michigan,Central,Technology,Phones,50.88,8,0.0,72.46
651,CA-2026-100650,2025-09-21,2025-09-23,Second Class,Co-10879,Consumer,United States,Florida,South,Furniture,Chairs,275.96,7,0.0,8.39
652,CA-2026-100651,2025-09-22,2025-09-24,First Class,Co-10174,Consumer,United States,Oregon,West,Office Supplies,Appliances,15.74,4,0.2,-0.97
653,CA-2026-100652,2025-09-23,2025-09-26,First Class,Co-10102,Consumer,United States,North Carolina,South,Office Supplies,Binders,387.84,1,0.0,56.99
654,CA-2026-100653,2025-09-24,2025-09-29,Second Class,Co-10674,Consumer,United States,Texas,Central,Office Supplies,Art,49.18,8,0.1,35.01
655,CA-2026-100654,2025-09-25,2025-09-30,Standard Class,Co-10847,Consumer,United States,Pennsylvania,East,Office Supplies,Binders,419.93,4,0.0,248.13
656,CA-2026-100655,2025-09-26,2025-09-27,Second Class,Ho-10547,Home Office,United States,Arizona,West,Office Supplies,Art,91.94,3,0.2,-6.18
657,CA-2026-100656,2025-09-26,2025-09-27,First Class,Co-10840,Corporate,United States,Michigan,Central,Technology,Machines,261.52,9,0.0,47.48
658,CA-2026-100657,2025-09-27,2025-09-29,Standard Class,Co-10374,Consumer,United States,Oregon,West,Technology,Phones,81.9,4,0.1,-44.13
659,CA-2026-100658,2025-09-28,2025-09-29,Standard Class,Co-10629,Corporate,United States,Washington,West,Technology,Accessories,477.7,4,0.0,-322.23
660,CA-2026-100659,2025-09-29,2025-10-02,First Class,Co-10691,Consumer,United States,Massachusetts,East,Furniture,Tables,32.08,9,0.1,-12.45
661,CA-2026-100660,2025-09-30,2025-10-05,Second Class,Co-10314,Consumer,United States,Texas,Central,Office Supplies,Paper,44.33,2,0.2,-11.03
662,CA-2026-100661,2025-10-01,2025-10-03,Second Class,Co-10782,Corporate,United States,Florida,South,Furniture,Bookcases,140.86,5,0.0,-97.01
663,CA-2026-100662,2025-10-02,2025-10-03,Standard Class,Co-10584,Consumer,United States,Oregon,West,Office Supplies,Binders,22.1,4,0.1,22.89
664,CA-2026-100663,2025-10-03,2025-10-06,Second Class,Co-10428,Consumer,United States,Washington,West,Office Supplies,Paper,48.63,9,0.0,-77.33
665,CA-2026-100664,2025-10-04,2025-10-07,Standard Class,Ho-10354,Home Office,United States,North Carolina,South,Office Supplies,Storage,580.65,5,0.3,397.04
666,CA-2026-100665,2025-10-05,2025-10-06,Second Class,Ho-10486,Home Office,United States,Texas,Central,Office Supplies,Storage,755.06,9,0.0,-247.8
667,CA-2026-100666,2025-10-06,2025-10-11,Standard Class,Co-10225,Corporate,United States,Arizona,West,Technology,Machines,99.4,9,0.2,231.11
668,CA-2026-100667,2025-10-07,2025-10-08,Second Class,Co-10866,Corporate,United States,Arizona,West,Furniture,Bookcases,518.53,2,0.2,75.49
669,CA-2026-100668,2025-10-08,2025-10-10,Same Day,Co-10683,Corporate,United States,California,West,Office Supplies,Binders,162.41,9,0.0,-24.34
670,CA-2026-100669,2025-10-09,2025-10-10,Standard Class,Co-10649,Consumer,United States,Texas,Central,Office Supplies,Binders,67.87,3,0.0,22.52
671,CA-2026-100670,2025-10-10,2025-10-13,Same Day,Co-10423,Consumer,United States,Illinois,Central,Furniture,Chairs,247.4,4,0.0,28.87
672,CA-2026-100671,2025-10-11,2025-10-12,Standard Class,Co-10303,Consumer,United States,Virginia,South,Furniture,Tables,220.12,1,0.2,24.4
673,CA-2026-100672,2025-10-12,2025-10-17,First Class,Co-10271,Consumer,United States,Texas,Central,Technology,Accessories,909.26,1,0.0,-119.37
674,CA-2026-100673,2025-10-13,2025-10-17,Second Class,Co-10834,Corporate,United States,Texas,Central,Technology,Copiers,66.59,1,0.0,26.52
675,CA-2026-100674,2025-10-14,2025-10-15,Standard Class,Co-10316,Consumer,United States,Ohio,East,Technology,Accessories,227.98,9,0.2,90.83
676,CA-2026-100675,2025-10-15,2025-10-20,Second Class,Ho-10344,Home Office,United States,Florida,South,Technology,Machines,15.69,8,0.0,1.12
677,CA-2026-100676,2025-10-16,2025-10-21,First Class,Ho-10435,Home Office,United States,California,West,Furniture,Chairs,29.13,5,0.1,29.64
678,CA-2026-100677,2025-10-17,2025-10-20,Standard Class,Co-10802,Corporate,United States,Indiana,Central,Office Supplies,Storage,5.79,5,0.0,0.53
679,CA-2026-100678,2025-10-18,2025-10-23,Standard Class,Co-10397,Corporate,United States,Washington,West,Office Supplies,Paper,1510.04,9,0.0,4076.63
680,CA-2026-100679,2025-10-19,2025-10-24,Second Class,Ho-10931,Home Office,United States,Arizona,West,Office Supplies,Art,329.17,3,0.2,57.32
681,CA-2026-100680,2025-10-20,2025-10-25,First Class,Co-10281,Consumer,United States,Pennsylvania,East,Office Supplies,Binders,314.03,3,0.0,218.32
682,CA-2026-100681,2025-10-21,2025-10-26,Second Class,Co-10433,Corporate,United States,Michigan,Central,Office Supplies,Paper,147.56,7,0.0,-139.99
683,CA-2026-100682,2025-10-22,2025-10-24,Second Class,Co-10610,Consumer,United States,Florida,South,Office Supplies,Storage,76.35,9,0.3,147.99
684,CA-2026-100683,2025-10-23,2025-10-25,Standard Class,Co-10482,Corporate,United States,Michigan,Central,Office Supplies,Storage,37.8,6,0.0,54.76
685,CA-2026-100684,2025-10-24,2025-10-27,First Class,Co-10816,Consumer,United States,Washington,West,Furniture,Tables,72.0,2,0.5,-5.25
686,CA-2026-100685,2025-10-25,2025-10-26,Standard Class,Ho-10972,Home Office,United States,Virginia,South,Office Supplies,Paper,99.31,1,0.5,-5.6
687,CA-2026-100686,2025-10-26,2025-10-31,Standard Class,Ho-10298,Home Office,United States,Indiana,Central,Office Supplies,Art,287.37,2,0.0,-5.88
688,CA-2026-100687,2025-10-26,2025-10-27,Standard Class,Co-10431,Consumer,United States,Oregon,West,Office Supplies,Binders,160.16,1,0.0,61.76
689,CA-2026-100688,2025-10-27,2025-10-28,Standard Class,Co-10264,Consumer,United States,Washington,West,Furniture,Furnishings,21.13,9,0.2,-6.98
690,CA-2026-100689,2025-10-28,2025-10-31,Standard Class,Ho-10341,Home Office,United States,Ohio,East,Office Supplies,Paper,8.64,8,0.0,5.09
691,CA-2026-100690,2025-10-29,2025-11-03,Standard Class,Co-10741,Consumer,United States,Ohio,East,Furniture,Bookcases,26.59,7,0.0,-33.87
692,CA-2026-100691,2025-10-30,2025-11-04,Second Class,Ho-10326,Home Office,United States,New York,East,Office Supplies,Appliances,110.7,3,0.2,10.19
693,CA-2026-100692,2025-10-31,2025-11-04,Standard Class,Co-10733,Corporate,United States,Oregon,West,Office Supplies,Storage,546.19,8,0.0,623.93
694,CA-2026-100693,2025-11-01,2025-11-02,Standard Class,Co-10655,Consumer,United States,Texas,Central,Office Supplies,Art,207.89,2,0.3,108.23
695,CA-2026-100694,2025-11-02,2025-11-03,Standard Class,Co-10550,Consumer,United States,New York,East,Furniture,Furnishings,328.72,2,0.0,72.35
696,CA-2026-100695,2025-11-03,2025-11-05,Standard Class,Co-10295,Consumer,United States,Indiana,Central,Office Supplies,Art,130.61,3,0.0,114.2
697,CA-2026-100696,2025-11-04,2025-11-08,Standard Class,Co-10969,Corporate,United States,New York,East,Office Supplies,Art,94.78,7,0.0,85.11
698,CA-2026-100697,2025-11-05,2025-11-07,Standard Class,Co-10303,Consumer,United States,Florida,South,Office Supplies,Storage,27.95,1,0.5,-2.45
699,CA-2026-100698,2025-11-06,2025-11-08,Second Class,Co-10557,Corporate,United States,Virginia,South,Office Supplies,Paper,422.39,8,0.1,-33.44
700,CA-2026-100699,2025-11-07,2025-11-09,Second Class,Co-10929,Consumer,United States,Ohio,East,Office Supplies,Binders,310.72,7,0.2,252.88
701,CA-2026-100700,2025-11-08,2025-11-11,Second Class,Co-10356,Corporate,United States,Washington,West,Office Supplies,Paper,41.81,4,0.0,61.94
702,CA-2026-100701,2025-11-09,2025-11-12,Standard Class,Ho-10628,Home Office,United States,Pennsylvania,East,Furniture,Tables,148.59,5,0.0,234.38
703,CA-2026-100702,2025-11-10,2025-11-12,Standard Class,Ho-10371,Home Office,United States,Pennsylvania,East,Furniture,Bookcases,138.64,1,0.0,-8.73
704,CA-2026-100703,2025-11-11,2025-11-15,First Class,Co-10108,Consumer,United States,Oregon,West,Office Supplies,Art,201.21,4,0.0,-54.68
705,CA-2026-100704,2025-11-12,2025-11-13,Standard Class,Ho-10860,Home Office,United States,Florida,South,Office Supplies,Paper,589.45,1,0.0,-46.74
706,CA-2026-100705,2025-11-13,2025-11-17,Standard Class,Co-10300,Corporate,United States,Illinois,Central,Office Supplies,Art,178.39,1,0.1,56.75
707,CA-2026-100706,2025-11-14,2025-11-19,Standard Class,Co-10158,Corporate,United States,Ohio,East,Furniture,Bookcases,160.4,1,0.0,49.98
708,CA-2026-100707,2025-11-15,2025-11-18,Standard Class,Ho-10986,Home Office,United States,California,West,Furniture,Chairs,15.33,7,0.3,19.9
709,CA-2026-100708,2025-11-16,2025-11-17,Standard Class,Co-10492,Consumer,United States,Massachusetts,East,Office Supplies,Art,17.99,7,0.0,4.49
710,CA-2026-100709,2025-11-17,2025-11-18,Standard Class,Co-10751,Consumer,United States,Washington,West,Furniture,Bookcases,46.49,4,0.5,9.54
711,CA-2026-100710,2025-11-18,2025-11-23,Standard Class,Ho-10218,Home Office,United States,Texas,Central,Office Supplies,Art,11.6,2,0.0,1.82
712,CA-2026-100711,2025-11-19,2025-11-24,Standard Class,Co-10652,Consumer,United States,Illinois,Central,Furniture,Bookcases,277.01,3,0.0,-39.86
713,CA-2026-100712,2025-11-20,2025-11-22,Second Class,Ho-10498,Home Office,United States,North Carolina,South,Office Supplies,Binders,261.99,8,0.0,215.92
714,CA-2026-100713,2025-11-21,2025-11-24,Second Class,Ho-10933,Home Office,United States,Washington,West,Technology,Copiers,34.25,8,0.0,-49.79
715,CA-2026-100714,2025-11-22,2025-11-25,First Class,Co-10430,Consumer,United States,California,West,Furniture,Tables,366.67,6,0.0,-266.01
716,CA-2026-100715,2025-11-23,2025-11-27,Second Class,Ho-10366,Home Office,United States,Georgia,South,Office Supplies,Appliances,38.63,9,0.0,115.41
717,CA-2026-100716,2025-11-24,2025-11-26,Same Day,Co-10619,Consumer,United States,Florida,South,Furniture,Furnishings,76.67,9,0.0,173.2
718,CA-2026-100717,2025-11-25,2025-11-27,Standard Class,Co-10794,Corporate,United States,Washington,West,Office Supplies,Art,62.26,4,0.2,10.7
719,CA-2026-100718,2025-11-26,2025-11-28,Standard Class,Co-10579,Corporate,United States,Florida,South,Office Supplies,Appliances,98.14,1,0.1,9.74
720,CA-2026-100719,2025-11-26,2025-11-28,Standard Class,Ho-10233,Home Office,United States,Indiana,Central,Office Supplies,Appliances,63.78,1,0.2,1.12
721,CA-2026-100720,2025-11-27,2025-11-30,Second Class,Co-10792,Consumer,United States,Ohio,East,Office Supplies,Paper,139.26,5,0.0,170.22
722,CA-2026-100721,2025-11-28,2025-12-01,First Class,Co-10454,Consumer,United States,Texas,Central,Technology,Accessories,109.65,2,0.1,53.39
723,CA-2026-100722,2025-11-29,2025-12-01,Standard Class,Co-10683,Corporate,United States,Virginia,South,Furniture,Chairs,867.05,6,0.0,1342.04
724,CA-2026-100723,2025-11-30,2025-12-04,First Class,Co-10597,Corporate,United States,Oregon,West,Furniture,Chairs,16.51,7,0.0,26.99
725,CA-2026-100724,2025-12-01,2025-12-02,Standard Class,Co-10724,Corporate,United States,Arizona,West,Technology,Copiers,35.67,1,0.0,-2.76
726,CA-2026-100725,2025-12-02,2025-12-03,First Class,Co-10206,Consumer,United States,Michigan,Central,Office Supplies,Appliances,15.85,6,0.0,0.26
727,CA-2026-100726,2025-12-03,2025-12-07,Standard Class,Co-10389,Consumer,United States,California,West,Technology,Accessories,201.61,8,0.0,132.11
728,CA-2026-100727,2025-12-04,2025-12-06,Standard Class,Co-10924,Consumer,United States,Virginia,South,Office Supplies,Art,16.21,5,0.0,-0.12
729,CA-2026-100728,2025-12-05,2025-12-08,Standard Class,Ho-10728,Home Office,United States,Illinois,Central,Technology,Machines,367.11,7,0.0,650.06
730,CA-2026-100729,2025-12-06,2025-12-07,Standard Class,Co-10731,Consumer,United States,Arizona,West,Office Supplies,Art,148.46,6,0.1,-1.91
731,CA-2026-100730,2025-12-07,2025-12-12,Standard Class,Co-10246,Consumer,United States,Ohio,East,Office Supplies,Art,154.74,4,0.1,-65.21
732,CA-2026-100731,2025-12-08,2025-12-13,Standard Class,Ho-10426,Home Office,United States,New York,East,Technology,Copiers,169.92,7,0.5,23.45
733,CA-2026-100732,2025-12-09,2025-12-13,First Class,Co-10514,Consumer,United States,Georgia,South,Office Supplies,Appliances,42.46,9,0.2,118.6
734,CA-2026-100733,2025-12-10,2025-12-12,Standard Class,Ho-10309,Home Office,United States,Arizona,West,Furniture,Furnishings,49.05,7,0.0,-22.14
735,CA-2026-100734,2025-12-11,2025-12-12,Standard Class,Co-10395,Corporate,United States,Virginia,South,Furniture,Bookcases,81.78,5,0.3,47.88
736,CA-2026-100735,2025-12-12,2025-12-14,Second Class,Ho-10497,Home Office,United States,Illinois,Central,Furniture,Chairs,185.03,7,0.3,54.2
737,CA-2026-100736,2025-12-13,2025-12-14,Second Class,Co-10202,Consumer,United States,New York,East,Furniture,Furnishings,52.17,3,0.0,-24.63
738,CA-2026-100737,2025-12-14,2025-12-18,Standard Class,Co-10735,Consumer,United States,Texas,Central,Office Supplies,Appliances,29.73,2,0.0,5.51
739,CA-2026-100738,2025-12-15,2025-12-19,Standard Class,Co-10856,Corporate,United States,Arizona,West,Office Supplies,Art,707.09,5,0.5,391.2
740,CA-2026-100739,2025-12-16,2025-12-21,Standard Class,Ho-10607,Home Office,United States,Florida,South,Office Supplies,Storage,9.45,4,0.0,4.08
741,CA-2026-100740,2025-12-17,2025-12-19,Standard Class,Co-10990,Corporate,United States,North Carolina,South,Office Supplies,Binders,329.6,5,0.3,372.92
742,CA-2026-100741,2025-12-18,2025-12-23,Second Class,Co-10967,Consumer,United States,Georgia,South,Office Supplies,Binders,315.27,8,0.0,-67.18
743,CA-2026-100742,2025-12-19,2025-12-21,Standard Class,Co-10308,Corporate,United States,Texas,Central,Furniture,Chairs,75.54,4,0.0,-44.8
744,CA-2026-100743,2025-12-20,2025-12-25,Standard Class,Co-10527,Corporate,United States,Massachusetts,East,Furniture,Bookcases,34.15,9,0.0,111.24
745,CA-2026-100744,2025-12-21,2025-12-24,Second Class,Co-10492,Corporate,United States,Michigan,Central,Furniture,Tables,36.48,7,0.0,6.87
746,CA-2026-100745,2025-12-22,2025-12-25,Standard Class,Co-10925,Corporate,United States,Michigan,Central,Office Supplies,Binders,244.09,7,0.2,199.35
747,CA-2026-100746,2025-12-23,2025-12-26,Standard Class,Ho-10208,Home Office,United States,Washington,West,Furniture,Chairs,210.9,8,0.5,232.16
748,CA-2026-100747,2025-12-24,2025-12-27,Standard Class,Co-10988,Corporate,United States,Arizona,West,Furniture,Chairs,310.34,6,0.0,-10.08
749,CA-2026-100748,2025-12-25,2025-12-26,Same Day,Co-10447,Consumer,United States,California,West,Office Supplies,Appliances,559.46,8,0.0,1028.06
750,CA-2026-100749,2025-12-26,2025-12-29,Standard Class,Co-10149,Consumer,United States,Massachusetts,East,Technology,Accessories,240.48,3,0.2,-68.54
751,CA-2026-100750,2025-12-26,2025-12-30,First Class,Co-10204,Consumer,United States,Ohio,East,Furniture,Tables,38.89,1,0.1,-0.88
752,CA-2026-100751,2025-12-27,2025-12-31,Standard Class,Co-10519,Consumer,United States,Arizona,West,Office Supplies,Binders,60.8,6,0.0,-41.29
753,CA-2026-100752,2025-12-28,2025-12-29,Standard Class,Co-10472,Consumer,United States,California,West,Office Supplies,Storage,374.28,1,0.0,107.32
754,CA-2026-100753,2025-12-29,2026-01-01,Second Class,Co-10126,Consumer,United States,New York,East,Office Supplies,Art,51.97,9,0.2,-24.85
755,CA-2026-100754,2025-12-30,2026-01-02,Same Day,Co-10899,Consumer,United States,North Carolina,South,Technology,Machines,20.06,2,0.2,7.4
756,CA-2026-100755,2025-12-31,2026-01-03,Second Class,Co-10868,Consumer,United States,New York,East,Furniture,Bookcases,247.99,2,0.0,181.52
757,CA-2026-100756,2026-01-01,2026-01-06,First Class,Ho-10372,Home Office,United States,New York,East,Furniture,Chairs,108.01,7,0.0,88.21
758,CA-2026-100757,2026-01-02,2026-01-04,First Class,Ho-10748,Home Office,United States,Massachusetts,East,Technology,Machines,510.25,2,0.5,63.28
759,CA-2026-100758,2026-01-03,2026-01-08,Standard Class,Co-10439,Consumer,United States,Arizona,West,Office Supplies,Paper,215.11,8,0.1,118.67
760,CA-2026-100759,2026-01-04,2026-01-06,Standard Class,Ho-10400,Home Office,United States,Georgia,South,Office Supplies,Art,23.95,6,0.0,-0.64
761,CA-2026-100760,2026-01-05,2026-01-08,Second Class,Co-10579,Corporate,United States,Pennsylvania,East,Office Supplies,Paper,595.75,7,0.0,356.11
762,CA-2026-100761,2026-01-06,2026-01-09,Standard Class,Co-10933,Consumer,United States,Arizona,West,Office Supplies,Appliances,64.83,7,0.2,58.7
763,CA-2026-100762,2026-01-07,2026-01-12,First Class,Co-10643,Consumer,United States,Texas,Central,Technology,Accessories,87.26,6,0.0,205.02
764,CA-2026-100763,2026-01-08,2026-01-13,First Class,Co-10656,Corporate,United States,Michigan,Central,Technology,Phones,107.92,9,0.0,352.24
765,CA-2026-100764,2026-01-09,2026-01-11,Standard Class,Co-10364,Corporate,United States,Massachusetts,East,Office Supplies,Paper,15.52,9,0.0,44.32
766,CA-2026-100765,2026-01-10,2026-01-14,Standard Class,Co-10641,Corporate,United States,Illinois,Central,Furniture,Chairs,142.24,7,0.0,332.04
767,CA-2026-100766,2026-01-11,2026-01-13,Second Class,Co-10695,Consumer,United States,North Carolina,South,Technology,Phones,31.32,9,0.1,20.48
768,CA-2026-100767,2026-01-12,2026-01-17,Standard Class,Co-10265,Consumer,United States,Michigan,Central,Furniture,Chairs,107.49,3,0.0,62.71
769,CA-2026-100768,2026-01-13,2026-01-18,First Class,Co-10415,Consumer,United States,Michigan,Central,Furniture,Tables,91.38,3,0.1,83.16
770,CA-2026-100769,2026-01-14,2026-01-15,Standard Class,Co-10100,Consumer,United States,Georgia,South,Technology,Phones,301.42,1,0.0,10.78
771,CA-2026-100770,2026-01-15,2026-01-20,Second Class,Co-10860,Consumer,United States,Ohio,East,Furniture,Tables,330.08,5,0.0,622.3
772,CA-2026-100771,2026-01-16,2026-01-17,Standard Class,Co-10360,Consumer,United States,Ohio,East,Furniture,Bookcases,38.31,4,0.0,7.58
773,CA-2026-100772,2026-01-17,2026-01-21,Second Class,Ho-10162,Home Office,United States,Florida,South,Furniture,Furnishings,96.32,2,0.3,21.66
774,CA-2026-100773,2026-01-18,2026-01-20,Standard Class,Ho-10582,Home Office,United States,Florida,South,Technology,Phones,98.47,9,0.3,140.13
775,CA-2026-100774,2026-01-19,2026-01-21,Standard Class,Co-10775,Consumer,United States,Virginia,South,Office Supplies,Storage,37.84,3,0.0,42.04
776,CA-2026-100775,2026-01-20,2026-01-21,Standard Class,Ho-10420,Home Office,United States,Illinois,Central,Office Supplies,Storage,325.35,8,0.2,-110.84
777,CA-2026-100776,2026-01-21,2026-01-23,Second Class,Co-10945,Consumer,United States,Florida,South,Furniture,Furnishings,250.67,6,0.1,335.26
778,CA-2026-100777,2026-01-22,2026-01-27,First Class,Co-10300,Consumer,United States,California,West,Office Supplies,Binders,47.24,5,0.5,13.28
779,CA-2026-100778,2026-01-23,2026-01-26,Standard Class,Co-10321,Consumer,United States,Texas,Central,Office Supplies,Paper,96.37,1,0.0,-3.75
780,CA-2026-100779,2026-01-24,2026-01-25,Standard Class,Co-10251,Corporate,United States,Massachusetts,East,Office Supplies,Appliances,27.37,4,0.1,26.21
781,CA-2026-100780,2026-01-25,2026-01-27,Standard Class,Ho-10743,Home Office,United States,Ohio,East,Office Supplies,Paper,202.88,3,0.0,79.93
782,CA-2026-100781,2026-01-25,2026-01-26,Second Class,Co-10725,Corporate,United States,Massachusetts,East,Furniture,Tables,30.88,1,0.0,6.07
783,CA-2026-100782,2026-01-26,2026-01-27,Second Class,Co-10561,Consumer,United States,Illinois,Central,Technology,Phones,857.8,5,0.5,-13.42
784,CA-2026-100783,2026-01-27,2026-01-30,Standard Class,Co-10316,Corporate,United States,Washington,West,Office Supplies,Storage,308.45,6,0.0,164.28
785,CA-2026-100784,2026-01-28,2026-02-02,Standard Class,Co-10295,Consumer,United States,North Carolina,South,Technology,Phones,103.94,2,0.0,35.43
786,CA-2026-100785,2026-01-29,2026-01-30,Standard Class,Ho-10892,Home Office,United States,North Carolina,South,Office Supplies,Art,177.82,3,0.0,22.91
787,CA-2026-100786,2026-01-30,2026-02-01,Standard Class,Co-10301,Corporate,United States,New York,East,Office Supplies,Binders,489.59,6,0.2,-190.3
788,CA-2026-100787,2026-01-31,2026-02-04,Standard Class,Co-10746,Consumer,United States,New York,East,Office Supplies,Art,166.53,4,0.1,226.01
789,CA-2026-100788,2026-02-01,2026-02-02,Same Day,Co-10333,Corporate,United States,Indiana,Central,Office Supplies,Binders,43.35,9,0.0,41.7
790,CA-2026-100789,2026-02-02,2026-02-03,Standard Class,Co-10240,Corporate,United States,Oregon,West,Technology,Copiers,100.19,5,0.5,60.2
791,CA-2026-100790,2026-02-03,2026-02-06,Second Class,Co-10807,Consumer,United States,North Carolina,South,Office Supplies,Paper,375.49,4,0.0,70.03
792,CA-2026-100791,2026-02-04,2026-02-09,Standard Class,Co-10597,Corporate,United States,Indiana,Central,Furniture,Chairs,211.68,2,0.0,5.54
793,CA-2026-100792,2026-02-05,2026-02-09,Standard Class,Co-10654,Consumer,United States,Florida,South,Office Supplies,Binders,215.38,6,0.3,40.07
794,CA-2026-100793,2026-02-06,2026-02-08,Second Class,Co-10156,Corporate,United States,New York,East,Office Supplies,Storage,408.21,2,0.0,37.16
795,CA-2026-100794,2026-02-07,2026-02-11,Second Class,Ho-10603,Home Office,United States,Georgia,South,Office Supplies,Appliances,453.81,7,0.0,401.87
796,CA-2026-100795,2026-02-08,2026-02-10,Same Day,Ho-10241,Home Office,United States,Oregon,West,Furniture,Furnishings,509.63,3,0.0,192.77
797,CA-2026-100796,2026-02-09,2026-02-14,Standard Class,Co-10821,Corporate,United States,Oregon,West,Office Supplies,Art,24.93,9,0.2,17.64
798,CA-2026-100797,2026-02-10,2026-02-12,Standard Class,Co-10683,Corporate,United States,Massachusetts,East,Office Supplies,Art,162.11,5,0.0,-96.56
799,CA-2026-100798,2026-02-11,2026-02-14,Second Class,Co-10835,Consumer,United States,California,West,Office Supplies,Paper,274.81,8,0.3,150.27
800,CA-2026-100799,2026-02-12,2026-02-15,Standard Class,Co-10638,Corporate,United States,California,West,Office Supplies,Art,287.88,6,0.2,-136.16
801,CA-2026-100800,2026-02-13,2026-02-16,Standard Class,Co-10739,Consumer,United States,Michigan,Central,Office Supplies,Appliances,191.64,8,0.0,-190.6
802,CA-2026-100801,2026-02-14,2026-02-17,Standard Class,Co-10205,Consumer,United States,North Carolina,South,Furniture,Furnishings,41.49,3,0.2,35.81
803,CA-2026-100802,2026-02-15,2026-02-19,Standard Class,Co-10264,Consumer,United States,Ohio,East,Office Supplies,Appliances,324.32,3,0.0,158.56
804,CA-2026-100803,2026-02-16,2026-02-21,First Class,Co-10314,Consumer,United States,Massachusetts,East,Furniture,Tables,259.67,5,0.0,254.08
805,CA-2026-100804,2026-02-17,2026-02-19,Standard Class,Co-10170,Corporate,United States,Ohio,East,Furniture,Bookcases,23.01,3,0.2,2.27
806,CA-2026-100805,2026-02-18,2026-02-20,Standard Class,Co-10815,Consumer,United States,Ohio,East,Office Supplies,Paper,129.65,8,0.5,179.12
807,CA-2026-100806,2026-02-19,2026-02-22,Standard Class,Co-10764,Corporate,United States,Massachusetts,East,Technology,Phones,43.23,8,0.0,63.21
808,CA-2026-100807,2026-02-20,2026-02-23,Standard Class,Co-10678,Consumer,United States,Oregon,West,Office Supplies,Storage,87.34,2,0.0,45.68
809,CA-2026-100808,2026-02-21,2026-02-22,Standard Class,Co-10189,Consumer,United States,Texas,Central,Office Supplies,Paper,8.65,4,0.0,0.73
810,CA-2026-100809,2026-02-22,2026-02-27,Standard Class,Co-10871,Corporate,United States,Pennsylvania,East,Technology,Phones,107.28,1,0.0,40.34
811,CA-2026-100810,2026-02-23,2026-02-27,Standard Class,Co-10973,Consumer,United States,Michigan,Central,Technology,Phones,164.65,4,0.0,192.49
812,CA-2026-100811,2026-02-24,2026-02-26,First Class,Co-10327,Consumer,United States,Indiana,Central,Furniture,Bookcases,198.3,4,0.0,247.77
813,CA-2026-100812,2026-02-24,2026-02-25,Standard Class,Co-10178,Corporate,United States,Washington,West,Technology,Accessories,222.83,9,0.1,-174.51
814,CA-2026-100813,2026-02-25,2026-02-26,Standard Class,Co-10707,Consumer,United States,Massachusetts,East,Office Supplies,Appliances,366.93,3,0.0,-41.19
815,CA-2026-100814,2026-02-26,2026-02-28,First Class,Ho-10448,Home Office,United States,Washington,West,Office Supplies,Storage,53.53,2,0.0,-3.06
816,CA-2026-100815,2026-02-27,2026-03-03,Second Class,Co-10941,Consumer,United States,Pennsylvania,East,Furniture,Chairs,30.68,9,0.2,-8.27
817,CA-2026-100816,2026-02-28,2026-03-01,Standard Class,Co-10993,Consumer,United States,Oregon,West,Office Supplies,Storage,386.48,9,0.2,871.65
818,CA-2026-100817,2026-03-01,2026-03-02,Standard Class,Co-10345,Corporate,United States,Texas,Central,Furniture,Chairs,39.07,1,0.0,-7.07
819,CA-2026-100818,2026-03-02,2026-03-07,Standard Class,Co-10371,Consumer,United States,Ohio,East,Furniture,Bookcases,740.87,6,0.0,-686.08
820,CA-2026-100819,2026-03-03,2026-03-07,Second Class,Co-10502,Consumer,United States,Virginia,South,Office Supplies,Appliances,374.71,8,0.1,-96.18
821,CA-2026-100820,2026-03-04,2026-03-05,Same Day,Co-10768,Consumer,United States,Indiana,Central,Technology,Accessories,143.98,3,0.0,-34.59
822,CA-2026-100821,2026-03-05,2026-03-09,Second Class,Co-10215,Consumer,United States,North Carolina,South,Technology,Phones,802.15,9,0.0,-439.54
823,CA-2026-100822,2026-03-06,2026-03-08,Standard Class,Ho-10534,Home Office,United States,Illinois,Central,Office Supplies,Art,25.49,2,0.2,11.37
824,CA-2026-100823,2026-03-07,2026-03-10,Second Class,Co-10629,Consumer,United States,California,West,Technology,Machines,77.21,6,0.0,63.87
825,CA-2026-100824,2026-03-08,2026-03-09,Standard Class,Co-10541,Corporate,United States,Ohio,East,Technology,Machines,208.35,1,0.0,-40.95
826,CA-2026-100825,2026-03-09,2026-03-14,Standard Class,Ho-10271,Home Office,United States,Indiana,Central,Office Supplies,Appliances,91.16,7,0.0,36.75
827,CA-2026-100826,2026-03-10,2026-03-12,Standard Class,Co-10115,Consumer,United States,Washington,West,Furniture,Tables,532.26,3,0.0,71.43
828,CA-2026-100827,2026-03-11,2026-03-15,Same Day,Ho-10851,Home Office,United States,New York,East,Office Supplies,Appliances,18.58,7,0.0,-17.12
829,CA-2026-100828,2026-03-12,2026-03-14,Standard Class,Co-10997,Consumer,United States,Massachusetts,East,Technology,Machines,164.44,4,0.5,67.65
830,CA-2026-100829,2026-03-13,2026-03-14,Second Class,Ho-10155,Home Office,United States,Illinois,Central,Office Supplies,Storage,183.74,9,0.0,365.89
831,CA-2026-100830,2026-03-14,2026-03-18,Standard Class,Co-10690,Consumer,United States,Massachusetts,East,Office Supplies,Appliances,216.53,5,0.0,251.76
832,CA-2026-100831,2026-03-15,2026-03-18,Standard Class,Co-10202,Corporate,United States,Texas,Central,Office Supplies,Appliances,64.05,3,0.0,45.56
833,CA-2026-100832,2026-03-16,2026-03-18,Standard Class,Co-10383,Consumer,United States,New York,East,Office Supplies,Paper,95.69,8,0.3,-107.16
834,CA-2026-100833,2026-03-17,2026-03-18,Standard Class,Co-10804,Consumer,United States,Virginia,South,Office Supplies,Paper,376.17,6,0.0,840.41
835,CA-2026-100834,2026-03-18,2026-03-23,Second Class,Co-10616,Corporate,United States,Oregon,West,Furniture,Chairs,48.37,2,0.0,27.91
836,CA-2026-100835,2026-03-19,2026-03-23,Standard Class,Co-10717,Corporate,United States,Virginia,South,Office Supplies,Appliances,355.74,3,0.3,255.78
837,CA-2026-100836,2026-03-20,2026-03-22,Second Class,Co-10377,Consumer,United States,Illinois,Central,Technology,Accessories,170.41,8,0.0,-259.86
838,CA-2026-100837,2026-03-21,2026-03-23,Second Class,Co-10984,Consumer,United States,Georgia,South,Technology,Copiers,292.25,7,0.0,737.11
839,CA-2026-100838,2026-03-22,2026-03-25,First Class,Co-10711,Corporate,United States,Illinois,Central,Furniture,Bookcases,255.08,6,0.0,437.52
840,CA-2026-100839,2026-03-23,2026-03-26,Standard Class,Co-10849,Corporate,United States,Massachusetts,East,Technology,Machines,51.52,1,0.0,15.58
841,CA-2026-100840,2026-03-24,2026-03-29,Standard Class,Ho-10368,Home Office,United States,Ohio,East,Office Supplies,Binders,173.24,9,0.0,-224.56
842,CA-2026-100841,2026-03-25,2026-03-30,Standard Class,Co-10932,Corporate,United States,Illinois,Central,Office Supplies,Binders,409.57,3,0.1,269.01
843,CA-2026-100842,2026-03-26,2026-03-27,Same Day,Ho-10499,Home Office,United States,Virginia,South,Office Supplies,Storage,118.17,5,0.0,222.13
844,CA-2026-100843,2026-03-26,2026-03-27,First Class,Co-10602,Corporate,United States,Massachusetts,East,Technology,Machines,684.78,7,0.0,992.86
845,CA-2026-100844,2026-03-27,2026-04-01,Standard Class,Co-10185,Consumer,United States,Oregon,West,Technology,Phones,125.37,7,0.0,124.91
846,CA-2026-100845,2026-03-28,2026-04-02,First Class,Co-10419,Consumer,United States,Massachusetts,East,Office Supplies,Paper,35.81,3,0.0,39.47
847,CA-2026-100846,2026-03-29,2026-04-02,Standard Class,Co-10131,Corporate,United States,California,West,Technology,Copiers,103.67,4,0.0,27.27
848,CA-2026-100847,2026-03-30,2026-04-02,Second Class,Co-10435,Corporate,United States,North Carolina,South,Furniture,Bookcases,611.07,7,0.3,477.81
849,CA-2026-100848,2026-03-31,2026-04-01,Standard Class,Co-10150,Consumer,United States,Washington,West,Office Supplies,Binders,82.05,8,0.0,56.32
850,CA-2026-100849,2026-04-01,2026-04-04,Second Class,Co-10178,Consumer,United States,Arizona,West,Office Supplies,Art,410.14,2,0.1,265.55
851,CA-2026-100850,2026-04-02,2026-04-05,Standard Class,Ho-10797,Home Office,United States,Arizona,West,Office Supplies,Storage,431.15,9,0.0,-598.93
852,CA-2026-100851,2026-04-03,2026-04-08,First Class,Co-10273,Corporate,United States,California,West,Furniture,Chairs,91.21,7,0.0,64.28
853,CA-2026-100852,2026-04-04,2026-04-08,Second Class,Co-10717,Consumer,United States,Ohio,East,Technology,Phones,22.39,8,0.0,38.0
854,CA-2026-100853,2026-04-05,2026-04-07,Second Class,Co-10600,Consumer,United States,Arizona,West,Furniture,Bookcases,262.88,6,0.0,433.98
855,CA-2026-100854,2026-04-06,2026-04-10,Standard Class,Co-10674,Consumer,United States,Massachusetts,East,Furniture,Tables,79.65,6,0.0,71.59
856,CA-2026-100855,2026-04-07,2026-04-11,Standard Class,Co-10175,Consumer,United States,Arizona,West,Office Supplies,Appliances,310.5,9,0.0,965.08
857,CA-2026-100856,2026-04-08,2026-04-11,Standard Class,Co-10415,Consumer,United States,Indiana,Central,Office Supplies,Storage,121.91,4,0.2,142.47
858,CA-2026-100857,2026-04-09,2026-04-13,Standard Class,Co-10932,Consumer,United States,North Carolina,South,Technology,Copiers,137.82,5,0.0,-111.23
859,CA-2026-100858,2026-04-10,2026-04-11,Standard Class,Co-10472,Corporate,United States,Arizona,West,Office Supplies,Paper,305.93,9,0.0,114.05
860,CA-2026-100859,2026-04-11,2026-04-14,First Class,Co-10180,Consumer,United States,Illinois,Central,Furniture,Bookcases,101.37,1,0.0,-18.85
861,CA-2026-100860,2026-04-12,2026-04-13,Standard Class,Ho-10972,Home Office,United States,Arizona,West,Technology,Machines,122.08,4,0.0,-1.15
862,CA-2026-100861,2026-04-13,2026-04-15,Standard Class,Ho-10739,Home Office,United States,Oregon,West,Office Supplies,Appliances,99.38,7,0.0,84.95
863,CA-2026-100862,2026-04-14,2026-04-17,Standard Class,Co-10794,Consumer,United States,California,West,Furniture,Furnishings,96.56,9,0.0,301.1
864,CA-2026-100863,2026-04-15,2026-04-17,Standard Class,Co-10854,Corporate,United States,Michigan,Central,Office Supplies,Paper,154.29,6,0.0,285.07
865,CA-2026-100864,2026-04-16,2026-04-19,Second Class,Co-10796,Consumer,United States,Virginia,South,Office Supplies,Appliances,335.89,8,0.2,-265.49
866,CA-2026-100865,2026-04-17,2026-04-22,Standard Class,Ho-10831,Home Office,United States,Indiana,Central,Office Supplies,Art,94.81,9,0.3,-86.12
867,CA-2026-100866,2026-04-18,2026-04-22,First Class,Co-10170,Consumer,United States,Virginia,South,Office Supplies,Art,153.57,4,0.0,94.33
868,CA-2026-100867,2026-04-19,2026-04-24,Standard Class,Co-10953,Corporate,United States,Oregon,West,Technology,Machines,227.17,1,0.0,27.09
869,CA-2026-100868,2026-04-20,2026-04-22,Same Day,Co-10765,Corporate,United States,Massachusetts,East,Technology,Phones,67.79,8,0.3,-15.25
870,CA-2026-100869,2026-04-21,2026-04-25,First Class,Co-10856,Consumer,United States,Oregon,West,Office Supplies,Paper,70.01,2,0.0,47.56
871,CA-2026-100870,2026-04-22,2026-04-25,Standard Class,Co-10751,Consumer,United States,North Carolina,South,Furniture,Furnishings,546.85,1,0.0,194.91
872,CA-2026-100871,2026-04-23,2026-04-27,First Class,Co-10170,Corporate,United States,Texas,Central,Technology,Copiers,262.13,7,0.0,76.27
873,CA-2026-100872,2026-04-24,2026-04-25,Standard Class,Co-10145,Corporate,United States,California,West,Office Supplies,Appliances,177.16,9,0.0,532.83
874,CA-2026-100873,2026-04-25,2026-04-29,First Class,Co-10146,Consumer,United States,Michigan,Central,Office Supplies,Binders,213.67,9,0.0,58.4
875,CA-2026-100874,2026-04-26,2026-04-27,Standard Class,Co-10690,Corporate,United States,Illinois,Central,Office Supplies,Binders,10.95,3,0.0,7.95
876,CA-2026-100875,2026-04-26,2026-04-30,First Class,Co-10521,Consumer,United States,Michigan,Central,Technology,Phones,197.52,6,0.0,101.41
877,CA-2026-100876,2026-04-27,2026-04-28,First Class,Co-10248,Corporate,United States,Washington,West,Office Supplies,Storage,147.47,7,0.0,-130.53
878,CA-2026-100877,2026-04-28,2026-04-30,First Class,Co-10229,Consumer,United States,Indiana,Central,Furniture,Furnishings,162.82,9,0.2,418.23
879,CA-2026-100878,2026-04-29,2026-05-04,Second Class,Ho-10555,Home Office,United States,Illinois,Central,Office Supplies,Binders,94.08,2,0.0,13.63
880,CA-2026-100879,2026-04-30,2026-05-03,Standard Class,Co-10738,Consumer,United States,Washington,West,Technology,Phones,22.0,8,0.0,42.36
881,CA-2026-100880,2026-05-01,2026-05-05,Standard Class,Co-10976,Consumer,United States,Illinois,Central,Furniture,Tables,47.97,7,0.0,6.82
882,CA-2026-100881,2026-05-02,2026-05-07,Standard Class,Co-10730,Consumer,United States,California,West,Technology,Machines,607.15,4,0.2,-366.57
883,CA-2026-100882,2026-05-03,2026-05-06,Standard Class,Co-10968,Consumer,United States,North Carolina,South,Office Supplies,Storage,110.09,2,0.2,-24.6
884,CA-2026-100883,2026-05-04,2026-05-07,Second Class,Co-10604,Corporate,United States,Virginia,South,Office Supplies,Storage,130.73,8,0.1,91.99
885,CA-2026-100884,2026-05-05,2026-05-06,Standard Class,Co-10873,Consumer,United States,Virginia,South,Furniture,Bookcases,15.83,5,0.0,16.94
886,CA-2026-100885,2026-05-06,2026-05-08,Same Day,Ho-10343,Home Office,United States,Indiana,Central,Furniture,Chairs,12.66,6,0.2,0.05
887,CA-2026-100886,2026-05-07,2026-05-09,Second Class,Co-10573,Consumer,United States,Pennsylvania,East,Technology,Phones,257.59,7,0.1,352.63
888,CA-2026-100887,2026-05-08,2026-05-13,First Class,Co-10481,Consumer,United States,Ohio,East,Furniture,Bookcases,159.48,1,0.0,34.96
889,CA-2026-100888,2026-05-09,2026-05-11,Standard Class,Co-10202,Consumer,United States,Michigan,Central,Office Supplies,Art,147.14,8,0.0,261.75
890,CA-2026-100889,2026-05-10,2026-05-14,First Class,Co-10588,Consumer,United States,Massachusetts,East,Office Supplies,Paper,60.71,4,0.0,23.19
891,CA-2026-100890,2026-05-11,2026-05-13,First Class,Co-10136,Consumer,United States,California,West,Furniture,Bookcases,278.1,9,0.1,786.01
892,CA-2026-100891,2026-05-12,2026-05-17,Standard Class,Co-10753,Consumer,United States,Ohio,East,Furniture,Furnishings,41.84,1,0.0,3.91
893,CA-2026-100892,2026-05-13,2026-05-15,Second Class,Co-10648,Consumer,United States,Illinois,Central,Office Supplies,Art,47.13,2,0.0,6.61
894,CA-2026-100893,2026-05-14,2026-05-18,Second Class,Co-10619,Consumer,United States,Michigan,Central,Technology,Phones,128.5,6,0.3,-43.38
895,CA-2026-100894,2026-05-15,2026-05-16,Standard Class,Co-10842,Corporate,United States,Arizona,West,Office Supplies,Storage,72.45,1,0.2,-0.89
896,CA-2026-100895,2026-05-16,2026-05-21,Standard Class,Co-10432,Corporate,United States,Florida,South,Office Supplies,Storage,61.86,4,0.3,-30.24
897,CA-2026-100896,2026-05-17,2026-05-18,Standard Class,Co-10496,Consumer,United States,Michigan,Central,Office Supplies,Storage,212.26,8,0.5,152.93
898,CA-2026-100897,2026-05-18,2026-05-19,Standard Class,Co-10395,Consumer,United States,Oregon,West,Office Supplies,Appliances,215.52,5,0.0,-54.83
899,CA-2026-100898,2026-05-19,2026-05-20,Standard Class,Ho-10206,Home Office,United States,Massachusetts,East,Office Supplies,Art,353.04,9,0.1,-50.06
900,CA-2026-100899,2026-05-20,2026-05-23,Standard Class,Co-10959,Corporate,United States,New York,East,Technology,Machines,113.16,6,0.0,178.22
901,CA-2026-100900,2026-05-21,2026-05-24,Standard Class,Co-10629,Corporate,United States,California,West,Office Supplies,Paper,20.18,1,0.3,-0.05
902,CA-2026-100901,2026-05-22,2026-05-23,Standard Class,Co-10924,Consumer,United States,Arizona,West,Office Supplies,Appliances,68.95,6,0.0,-22.62
903,CA-2026-100902,2026-05-23,2026-05-28,Same Day,Co-10182,Corporate,United States,Illinois,Central,Furniture,Chairs,787.46,6,0.5,-232.85
904,CA-2026-100903,2026-05-24,2026-05-28,Standard Class,Co-10387,Corporate,United States,Ohio,East,Technology,Phones,186.4,6,0.1,266.65
905,CA-2026-100904,2026-05-25,2026-05-29,Same Day,Co-10805,Corporate,United States,Washington,West,Furniture,Chairs,252.39,8,0.2,-197.35
906,CA-2026-100905,2026-05-26,2026-05-28,Standard Class,Ho-10560,Home Office,United States,Ohio,East,Furniture,Tables,6.48,6,0.0,2.81
907,CA-2026-100906,2026-05-26,2026-05-31,Standard Class,Co-10314,Consumer,United States,Oregon,West,Office Supplies,Storage,151.05,5,0.0,78.67
908,CA-2026-100907,2026-05-27,2026-05-30,Standard Class,Co-10380,Consumer,United States,Pennsylvania,East,Office Supplies,Storage,12.65,2,0.2,4.3
909,CA-2026-100908,2026-05-28,2026-05-29,Standard Class,Co-10831,Corporate,United States,Virginia,South,Office Supplies,Art,173.44,4,0.0,124.86
910,CA-2026-100909,2026-05-29,2026-05-31,Standard Class,Ho-10558,Home Office,United States,Indiana,Central,Office Supplies,Binders,512.08,5,0.2,586.71
911,CA-2026-100910,2026-05-30,2026-06-03,Second Class,Co-10900,Consumer,United States,Ohio,East,Office Supplies,Storage,696.04,4,0.0,-482.07
912,CA-2026-100911,2026-05-31,2026-06-03,Standard Class,Co-10443,Consumer,United States,Virginia,South,Furniture,Furnishings,160.55,2,0.1,-6.4
913,CA-2026-100912,2026-06-01,2026-06-04,Second Class,Co-10293,Consumer,United States,Ohio,East,Technology,Accessories,127.57,7,0.0,-28.5
914,CA-2026-100913,2026-06-02,2026-06-03,Second Class,Co-10257,Consumer,United States,Massachusetts,East,Office Supplies,Storage,585.15,2,0.1,-118.38
915,CA-2026-100914,2026-06-03,2026-06-07,Standard Class,Co-10564,Corporate,United States,Georgia,South,Office Supplies,Paper,228.93,1,0.1,-5.46
916,CA-2026-100915,2026-06-04,2026-06-09,Standard Class,Co-10203,Corporate,United States,Massachusetts,East,Office Supplies,Appliances,18.42,5,0.0,-1.3
917,CA-2026-100916,2026-06-05,2026-06-08,Second Class,Co-10133,Consumer,United States,New York,East,Furniture,Tables,130.37,1,0.0,14.75
918,CA-2026-100917,2026-06-06,2026-06-07,Standard Class,Co-10201,Consumer,United States,Illinois,Central,Office Supplies,Art,59.95,1,0.0,11.88
919,CA-2026-100918,2026-06-07,2026-06-12,Standard Class,Co-10738,Consumer,United States,Florida,South,Office Supplies,Binders,131.9,1,0.0,3.78
920,CA-2026-100919,2026-06-08,2026-06-12,Same Day,Co-10825,Consumer,United States,North Carolina,South,Office Supplies,Art,126.56,6,0.0,175.93
921,CA-2026-100920,2026-06-09,2026-06-12,Standard Class,Co-10424,Corporate,United States,Washington,West,Office Supplies,Binders,179.52,9,0.2,2.2
922,CA-2026-100921,2026-06-10,2026-06-15,Second Class,Ho-10907,Home Office,United States,Ohio,East,Technology,Machines,93.25,1,0.0,-2.41
923,CA-2026-100922,2026-06-11,2026-06-16,Same Day,Ho-10790,Home Office,United States,Illinois,Central,Office Supplies,Storage,40.89,5,0.0,25.5
924,CA-2026-100923,2026-06-12,2026-06-17,Standard Class,Co-10691,Consumer,United States,New York,East,Technology,Copiers,145.12,9,0.0,-242.63
925,CA-2026-100924,2026-06-13,2026-06-16,Standard Class,Ho-10240,Home Office,United States,New York,East,Office Supplies,Paper,359.63,9,0.0,-492.38
926,CA-2026-100925,2026-06-14,2026-06-17,Standard Class,Co-10573,Corporate,United States,Arizona,West,Furniture,Bookcases,223.14,1,0.0,11.33
927,CA-2026-100926,2026-06-15,2026-06-17,Standard Class,Co-10130,Corporate,United States,New York,East,Furniture,Chairs,87.61,8,0.5,128.17
928,CA-2026-100927,2026-06-16,2026-06-20,Standard Class,Co-10983,Consumer,United States,Indiana,Central,Office Supplies,Storage,553.29,1,0.3,90.21
929,CA-2026-100928,2026-06-17,2026-06-18,Second Class,Co-10162,Consumer,United States,Illinois,Central,Furniture,Bookcases,491.56,8,0.0,-578.56
930,CA-2026-100929,2026-06-18,2026-06-23,Standard Class,Co-10659,Consumer,United States,California,West,Furniture,Tables,51.98,1,0.0,16.0
931,CA-2026-100930,2026-06-19,2026-06-21,Standard Class,Co-10186,Consumer,United States,Pennsylvania,East,Technology,Phones,13.04,5,0.2,12.49
932,CA-2026-100931,2026-06-20,2026-06-21,Same Day,Co-10403,Consumer,United States,Texas,Central,Technology,Accessories,275.42,8,0.0,367.01
933,CA-2026-100932,2026-06-21,2026-06-23,First Class,Co-10160,Consumer,United States,New York,East,Office Supplies,Art,356.6,6,0.0,625.14
934,CA-2026-100933,2026-06-22,2026-06-25,Second Class,Co-10495,Consumer,United States,Massachusetts,East,Furniture,Tables,692.56,9,0.0,264.69
935,CA-2026-100934,2026-06-23,2026-06-28,Standard Class,Co-10433,Corporate,United States,Pennsylvania,East,Furniture,Furnishings,446.16,1,0.0,-29.94
936,CA-2026-100935,2026-06-24,2026-06-25,Second Class,Co-10885,Consumer,United States,California,West,Furniture,Bookcases,188.53,9,0.5,90.96
937,CA-2026-100936,2026-06-25,2026-06-26,Standard Class,Co-10510,Consumer,United States,Ohio,East,Office Supplies,Art,156.03,1,0.1,18.16
938,CA-2026-100937,2026-06-25,2026-06-26,Standard Class,Ho-10383,Home Office,United States,Illinois,Central,Technology,Machines,10.65,3,0.0,3.93
939,CA-2026-100938,2026-06-26,2026-06-27,Standard Class,Ho-10565,Home Office,United States,Pennsylvania,East,Office Supplies,Paper,61.65,1,0.0,8.57
940,CA-2026-100939,2026-06-27,2026-06-28,First Class,Co-10179,Corporate,United States,Illinois,Central,Furniture,Furnishings,128.09,3,0.2,113.51
941,CA-2026-100940,2026-06-28,2026-06-30,Standard Class,Ho-10791,Home Office,United States,Massachusetts,East,Office Supplies,Art,203.04,2,0.2,110.89
942,CA-2026-100941,2026-06-29,2026-07-04,Standard Class,Co-10883,Corporate,United States,Michigan,Central,Office Supplies,Binders,167.95,2,0.1,98.38
943,CA-2026-100942,2026-06-30,2026-07-03,Standard Class,Ho-10176,Home Office,United States,Illinois,Central,Office Supplies,Storage,276.45,9,0.1,628.89
944,CA-2026-100943,2026-07-01,2026-07-04,Standard Class,Co-10832,Consumer,United States,New York,East,Office Supplies,Art,70.64,8,0.0,206.87
945,CA-2026-100944,2026-07-02,2026-07-05,First Class,Co-10893,Consumer,United States,New York,East,Office Supplies,Appliances,171.46,1,0.2,-19.33
946,CA-2026-100945,2026-07-03,2026-07-06,Second Class,Co-10639,Consumer,United States,Indiana,Central,Furniture,Tables,23.45,4,0.2,-3.07
947,CA-2026-100946,2026-07-04,2026-07-06,Second Class,Co-10460,Consumer,United States,Florida,South,Furniture,Bookcases,111.77,1,0.0,10.85
948,CA-2026-100947,2026-07-05,2026-07-09,Standard Class,Co-10176,Consumer,United States,Washington,West,Technology,Machines,282.39,1,0.2,69.56
949,CA-2026-100948,2026-07-06,2026-07-11,Standard Class,Co-10608,Corporate,United States,Florida,South,Furniture,Bookcases,241.44,4,0.0,99.57
950,CA-2026-100949,2026-07-07,2026-07-08,Standard Class,Co-10263,Corporate,United States,North Carolina,South,Furniture,Furnishings,939.32,2,0.0,467.44
951,CA-2026-100950,2026-07-08,2026-07-12,Standard Class,Co-10108,Corporate,United States,New York,East,Furniture,Chairs,70.12,3,0.0,-24.53
952,CA-2026-100951,2026-07-09,2026-07-12,Standard Class,Co-10274,Consumer,United States,Oregon,West,Furniture,Chairs,142.91,9,0.0,-62.45
953,CA-2026-100952,2026-07-10,2026-07-14,Second Class,Ho-10561,Home Office,United States,Virginia,South,Office Supplies,Paper,84.96,2,0.0,40.62
954,CA-2026-100953,2026-07-11,2026-07-16,Standard Class,Co-10406,Corporate,United States,Massachusetts,East,Technology,Copiers,121.18,4,0.0,-49.03
955,CA-2026-100954,2026-07-12,2026-07-13,Standard Class,Co-10687,Consumer,United States,Georgia,South,Office Supplies,Art,393.91,1,0.0,4.26
956,CA-2026-100955,2026-07-13,2026-07-14,Standard Class,Co-10344,Corporate,United States,Georgia,South,Office Supplies,Binders,235.53,2,0.0,-19.35
957,CA-2026-100956,2026-07-14,2026-07-19,Standard Class,Co-10221,Consumer,United States,Massachusetts,East,Office Supplies,Appliances,433.16,5,0.0,21.48
958,CA-2026-100957,2026-07-15,2026-07-20,Standard Class,Co-10284,Consumer,United States,Ohio,East,Office Supplies,Art,50.51,1,0.0,11.36
959,CA-2026-100958,2026-07-16,2026-07-19,Same Day,Ho-10131,Home Office,United States,Pennsylvania,East,Technology,Accessories,418.28,7,0.1,54.57
960,CA-2026-100959,2026-07-17,2026-07-18,First Class,Co-10861,Consumer,United States,California,West,Technology,Accessories,17.32,4,0.0,9.23
961,CA-2026-100960,2026-07-18,2026-07-22,Same Day,Co-10668,Consumer,United States,Virginia,South,Furniture,Tables,443.92,6,0.0,-373.0
962,CA-2026-100961,2026-07-19,2026-07-21,Standard Class,Ho-10409,Home Office,United States,Ohio,East,Office Supplies,Art,84.82,8,0.3,134.43
963,CA-2026-100962,2026-07-20,2026-07-22,Standard Class,Co-10471,Corporate,United States,Illinois,Central,Office Supplies,Art,80.55,6,0.2,8.48
964,CA-2026-100963,2026-07-21,2026-07-26,Standard Class,Co-10755,Consumer,United States,Virginia,South,Technology,Copiers,148.52,2,0.3,39.32
965,CA-2026-100964,2026-07-22,2026-07-25,Standard Class,Co-10929,Consumer,United States,Michigan,Central,Office Supplies,Binders,570.0,1,0.0,134.08
966,CA-2026-100965,2026-07-23,2026-07-25,First Class,Co-10695,Consumer,United States,Arizona,West,Technology,Accessories,14.79,8,0.0,-8.78
967,CA-2026-100966,2026-07-24,2026-07-25,Standard Class,Co-10155,Corporate,United States,Ohio,East,Office Supplies,Binders,91.84,8,0.1,218.74
968,CA-2026-100967,2026-07-25,2026-07-30,Standard Class,Co-10890,Consumer,United States,Indiana,Central,Furniture,Bookcases,393.38,9,0.0,600.93
969,CA-2026-100968,2026-07-25,2026-07-29,Standard Class,Co-10372,Consumer,United States,Washington,West,Office Supplies,Art,105.85,6,0.0,36.35
970,CA-2026-100969,2026-07-26,2026-07-31,Standard Class,Ho-10563,Home Office,United States,Pennsylvania,East,Technology,Accessories,49.42,1,0.0,-4.48
971,CA-2026-100970,2026-07-27,2026-07-31,Second Class,Co-10777,Corporate,United States,Texas,Central,Technology,Phones,115.61,9,0.2,304.14
972,CA-2026-100971,2026-07-28,2026-08-02,Standard Class,Co-10555,Consumer,United States,Indiana,Central,Furniture,Furnishings,102.41,3,0.0,77.74
973,CA-2026-100972,2026-07-29,2026-08-03,Standard Class,Co-10769,Corporate,United States,California,West,Office Supplies,Paper,499.0,6,0.3,-157.57
974,CA-2026-100973,2026-07-30,2026-08-04,Standard Class,Co-10348,Corporate,United States,Massachusetts,East,Office Supplies,Storage,292.04,9,0.3,4.83
975,CA-2026-100974,2026-07-31,2026-08-04,Standard Class,Co-10797,Consumer,United States,Ohio,East,Furniture,Furnishings,145.69,3,0.0,124.92
976,CA-2026-100975,2026-08-01,2026-08-05,Second Class,Co-10177,Consumer,United States,Michigan,Central,Office Supplies,Storage,895.84,5,0.2,779.05
977,CA-2026-100976,2026-08-02,2026-08-07,First Class,Ho-10633,Home Office,United States,Texas,Central,Furniture,Bookcases,130.2,5,0.1,152.02
978,CA-2026-100977,2026-08-03,2026-08-05,Same Day,Co-10207,Consumer,United States,Indiana,Central,Technology,Copiers,17.0,7,0.2,6.16
979,CA-2026-100978,2026-08-04,2026-08-07,Second Class,Co-10372,Corporate,United States,New York,East,Office Supplies,Binders,65.84,4,0.0,60.54
980,CA-2026-100979,2026-08-05,2026-08-08,Standard Class,Co-10863,Consumer,United States,Washington,West,Technology,Accessories,119.57,4,0.2,12.2
981,CA-2026-100980,2026-08-06,2026-08-09,Second Class,Co-10114,Consumer,United States,California,West,Furniture,Tables,39.13,7,0.0,-20.06
982,CA-2026-100981,2026-08-07,2026-08-11,Standard Class,Co-10469,Consumer,United States,New York,East,Office Supplies,Appliances,594.64,9,0.3,672.85
983,CA-2026-100982,2026-08-08,2026-08-12,Standard Class,Co-10403,Consumer,United States,Georgia,South,Furniture,Tables,296.21,4,0.0,456.88
984,CA-2026-100983,2026-08-09,2026-08-11,First Class,Co-10771,Consumer,United States,California,West,Furniture,Bookcases,67.47,4,0.0,-3.68
985,CA-2026-100984,2026-08-10,2026-08-13,Standard Class,Co-10304,Consumer,United States,Indiana,Central,Furniture,Tables,183.71,6,0.2,67.53
986,CA-2026-100985,2026-08-11,2026-08-14,First Class,Ho-10212,Home Office,United States,Georgia,South,Furniture,Tables,260.63,6,0.2,255.71
987,CA-2026-100986,2026-08-12,2026-08-17,Standard Class,Ho-10779,Home Office,United States,Florida,South,Office Supplies,Art,571.99,7,0.0,500.11
988,CA-2026-100987,2026-08-13,2026-08-17,Second Class,Co-10964,Corporate,United States,Washington,West,Furniture,Bookcases,431.8,1,0.0,132.16
989,CA-2026-100988,2026-08-14,2026-08-17,Second Class,Ho-10352,Home Office,United States,Florida,South,Office Supplies,Binders,149.8,3,0.0,115.52
990,CA-2026-100989,2026-08-15,2026-08-17,First Class,Co-10540,Consumer,United States,Florida,South,Office Supplies,Appliances,303.02,9,0.5,-225.02
991,CA-2026-100990,2026-08-16,2026-08-18,Second Class,Ho-10285,Home Office,United States,California,West,Technology,Accessories,170.17,6,0.2,325.95
992,CA-2026-100991,2026-08-17,2026-08-20,Second Class,Co-10958,Consumer,United States,Oregon,West,Technology,Machines,165.91,6,0.2,200.24
993,CA-2026-100992,2026-08-18,2026-08-22,Standard Class,Ho-10326,Home Office,United States,Virginia,South,Office Supplies,Storage,29.38,5,0.0,46.76
994,CA-2026-100993,2026-08-19,2026-08-21,Standard Class,Ho-10627,Home Office,United States,Illinois,Central,Office Supplies,Storage,31.97,3,0.0,18.29
995,CA-2026-100994,2026-08-20,2026-08-25,Standard Class,Co-10767,Corporate,United States,New York,East,Furniture,Tables,155.81,5,0.1,220.0
996,CA-2026-100995,2026-08-21,2026-08-23,Second Class,Ho-10453,Home Office,United States,Virginia,South,Technology,Accessories,67.63,1,0.2,-7.17
997,CA-2026-100996,2026-08-22,2026-08-23,Standard Class,Co-10722,Corporate,United States,Virginia,South,Furniture,Tables,9.25,3,0.0,0.24
998,CA-2026-100997,2026-08-23,2026-08-24,Second Class,Co-10100,Consumer,United States,Michigan,Central,Furniture,Bookcases,261.63,4,0.3,238.71
999,CA-2026-100998,2026-08-24,2026-08-28,Standard Class,Co-10652,Consumer,United States,North Carolina,South,Furniture,Bookcases,11.61,5,0.0,-4.59
1000,CA-2026-100999,2026-08-25,2026-08-28,Standard Class,Co-10659,Corporate,United States,Georgia,South,Office Supplies,Appliances,185.91,9,0.0,-256.09
